reimbursement_type_code,meeting_type_code,meeting_type_name,expense_type_code,expense_type_name,issue_code,problem_title,sop_description,standard_handling,legacy_problem_code
EN,0,个人,1,月度交通费（销售/SMO/CO),1,燃油费行程问题,根据SOP规定，月度交通费报销燃油费需提供每张燃油费的使用时间区间，行程为医院的需具体到科室,请根据要求在评论区将行程补充完整,EN000101
EN,0,个人,1,月度交通费（销售/SMO/CO),2,出租车行程问题,根据SOP规定，月度交通费报销出租车费用，需注明具体的行程地点和事由，行程为医院的，应明确注明拜访医院及科室,请根据要求补充至HLY评论区,EN000102
EN,0,个人,1,月度交通费（销售/SMO/CO),3,网约车行程问题,根据SOP规定，月度交通费报销网约车费用，行程为医院的，应明确注明拜访医院及科室，并提供事由,请根据要求补充至HLY评论区,EN000103
EN,0,个人,1,月度交通费（销售/SMO/CO),4,单笔超500问题,根据SOP规定，单次费用超过人民币500元的长距离陆地交通需要使用指定供应商或有营运资质的网约车，并提供详细行程单,请补充提供，无法提供将不予报销,EN000104
EN,0,个人,1,月度交通费（销售/SMO/CO),5,当月总额超限额,根据SOP规定，月度交通费超过标准限额，如需报销，需补充提供部门负责人的特批,请提供,EN000105
EN,0,个人,2,交通费-市内,1,出租车行程问题,根据SOP规定，驻地内产生的出租车，公共汽车、地铁等发票，报销时需列明行程和事由,请根据要求补充至HLY评论区,EN000201
EN,0,个人,2,交通费-市内,2,网约车行程问题,根据SOP规定，驻地内产生的网约车费用发票，报销时需要提供行程单和事由,请根据要求补充至HLY评论区,EN000202
EN,0,个人,2,交通费-市内,3,单笔超500问题,根据SOP规定，单次费用超过人民币500元的长距离陆地交通需要使用指定供应商或有营运资质的网约车，并提供详细行程单,请补充提供，无法提供将不予报销,EN000203
EN,0,个人,2,交通费-市内,4,OT打车问题,根据SOP规定，工作到晚上19:30分后可以报销回家出租车费，您的OT打车费用不符合要求,请确认后为您扣除,EN000204
EN,0,个人,3,电话费,1,非套餐话费超标&充值发票,根据SOP规定，报销话费金额大于350元或发票为充值发票，需要提供话费明细账单；,请补充上传至HLY评论区,EN000301
EN,0,个人,3,电话费,2,套餐超350元,根据SOP规定，月度套餐费用超过350元的，需解释实际费用需求，并获部门负责人审批,请提供,EN000302
EN,0,个人,3,电话费,3,手机号未备案,根据SOP规定，员工需要报销费用的手机号码须在公司备案登记。您的号码未备案，不予报销,请提供备案记录或我们帮您扣除该号码下的金额,EN000303
EN,0,个人,3,电话费,4,话费发票无账期,您提供的电话费发票未显示费用账期，需补充提供话费账单明细或话费消费记录,请提供,EN000304
EN,0,个人,4,工作餐,1,缺水单,根据SOP规定，费用金额超过300元，需提供水单,请将水单原件邮寄至我司，并将水单照片或扫描件补充上传至评论区,EN000401
EN,0,个人,4,工作餐,2,超市、商场&水果市场费用,根据SOP规定，超市、商场或水果市场购买的费用，需要提供明细,请提供,EN000402
EN,0,个人,4,工作餐,3,系统与水单人数不一致,水单用餐人数与系统填报的用餐人数不一致,请确认实际用餐人数并解释说明,EN000403
EN,0,个人,5,办公用品,1,费用超600,根据SOP规定，费用超过600元，提供营运部负责人批准邮件,请提供,EN000501
EN,0,个人,5,办公用品,2,缺少明细,根据SOP规定，报销办公用品需提供购买明细,请提供,EN000502
EN,0,个人,6,IT配件,1,费用超600,根据SOP规定，费用超过600元，提供营运部负责人批准邮件,请提供,EN000601
EN,0,个人,6,IT配件,2,缺少明细,根据SOP规定，报销IT配件需提供购买产品明细,请提供,EN000602
EN,0,个人,7,快递/货运,1,缺少快递明细or底单,根据SOP规定，报销快递费用需提供快递明细单或底单,请提供,EN000701
EN,0,个人,8,打印/复印,1,个人卡支付,根据SOP规定，个人银行卡支付超过300元，需提供付款记录及带有持卡人姓名的个人卡照片或银行对账单,请提供,EN000801
EN,0,个人,8,打印/复印,2,现金支付,"“微信零钱”、""支付宝花呗”及“京东白条”支付，系统付款类型应选择“现金”非“个人卡”，需驳回修改",已为您系统驳回，请重新提交完成业务审批流程后@通知审核员,EN000802
EN,0,个人,8,打印/复印,3,缺少明细,根据SOP规定，打印/复印费用≥300元，需提供水单明细,请提供,EN000803
EN,0,个人,9,外部会议/培训,1,缺少邀请函,根据SOP规定，外部培训需提供邀请函,请提供,EN000901
EN,0,个人,9,外部会议/培训,2,个人卡支付,根据SOP规定，个人银行卡支付超过300元，需提供付款记录及带有持卡人姓名的个人卡照片或银行对账单,请提供,EN000902
EN,0,个人,9,外部会议/培训,3,现金支付,"“微信零钱”、""支付宝花呗”及“京东白条”支付，系统付款类型应选择“现金”非“个人卡”，需驳回修改",已为您系统驳回，请重新提交完成业务审批流程后@通知审核员,EN000903
EN,0,个人,10,临床杂项,1,未提供临床项目名称,根据SOP规定，临床杂项费用报销时需提供临床项目名称,请提供,EN001001
EN,0,个人,10,临床杂项,2,缺水单,根据SOP规定，临床杂项费用报销时需提供水单,请将水单原件邮寄至我司，并将水单照片或扫描件补充上传至评论区,EN001002
EN,0,个人,10,临床杂项,3,个人卡支付,根据SOP规定，个人银行卡支付超过300元，需提供付款记录及带有持卡人姓名的个人卡照片或银行对账单,请提供,EN001003
EN,0,个人,10,临床杂项,4,现金支付,"“微信零钱”、""支付宝花呗”及“京东白条”支付，系统付款类型应选择“现金”非“个人卡”，需驳回修改",已为您系统驳回，请重新提交完成业务审批流程后@通知审核员,EN001004
EN,0,个人,11,杂项开支,1,缺水单,根据SOP规定，杂项开支费用报销时需提供水单,请将水单原件邮寄至我司，并将水单照片或扫描件补充上传至评论区,EN001101
EN,0,个人,11,杂项开支,2,缺事由说明,根据SOP规定，杂项开支费用报销时需提供事由说明,请在评论区补充,EN001102
EN,0,个人,11,杂项开支,3,个人卡支付,根据SOP规定，个人银行卡支付超过300元，需提供付款记录及带有持卡人姓名的个人卡照片或银行对账单,请提供,EN001103
EN,0,个人,11,杂项开支,4,现金支付,"“微信零钱”、""支付宝花呗”及“京东白条”支付，系统付款类型应选择“现金”非“个人卡”，需驳回修改",已为您系统驳回，请重新提交完成业务审批流程后@通知审核员,EN001104
EN,0,个人,12,机票,1,缺行程单or发票及订单,根据SOP规定，报销机票费用需提供机票行程单或发票及订单,请根据要求补充提供，如无法提供请提供财务总监特批,EN001201
EN,0,个人,12,机票,2,缺携程订单or比价单or特批,"根据SOP规定，机票费用如是通过携程商旅上预订的，需提供携程订单；未在携程上预订，需要提供当时低
于携程订购价、会议邀请等支持性文件或财务总监审批邮件；",请根据要求补充提供,EN001202
EN,0,个人,13,火车,1,火车费用类型错,火车发票系统费用类型应选择“火车”，非“交通费出差”等其他费用类型，需系统驳回修改,已为您系统驳回，请重新提交完成业务审批流程后@通知审核员,EN001301
EN,0,个人,14,住宿费,1,缺发票or入住账单,根据SOP规定，报销住宿费用需提供发票和酒店入住账单,请根据要求补充提供,EN001401
EN,0,个人,14,住宿费,2,个人卡支付,根据SOP规定，个人银行卡支付超过300元，需提供付款记录及带有持卡人姓名的个人卡照片或银行对账单,请提供,EN001402
EN,0,个人,14,住宿费,3,现金支付,"“微信零钱”、""支付宝花呗”及“京东白条”支付，系统付款类型应选择“现金”非“个人卡”，需驳回修改",已为您系统驳回，请重新提交完成业务审批流程后@通知审核员,EN001403
EN,0,个人,14,住宿费,4,缺携程订单or比价单or特批,"根据SOP规定，住宿如是通过携程商旅上预订的，需提供携程订单；未在携程上预订，需要提供当时低
于携程订购价、会议邀请等支持性文件或财务总监审批邮件；",请提供,EN001404
EN,0,个人,15,交通费-出差,1,缺发票or行程,根据SOP规定，交通费-出差需提供当日当地的发票（长途汽车、出租车，公共汽车、地铁等），并提供行程,请提供,EN001501
EN,0,个人,15,交通费-出差,2,缺少行程单,根据SOP规定，交通费-出差报销网约车费用，需提供行程单,请补充上传至HLY评论区,EN001502
EN,0,个人,15,交通费-出差,3,单笔超500问题,根据SOP规定，单次费用超过人民币500元的长距离陆地交通需要使用指定供应商或有营运资质的网约车，并提供详细行程单,请补充提供，无法提供将不予报销,EN001503
EN,0,个人,16,个人汽车里程,1,个人差旅包含HCP费用,个人汽车里程属于个人日常和差旅的费用，系统事由说明与费用定义不一致，不符合个人差旅费用要求,将为您单笔驳回此费用，请根据要求报销,EN001601
EN,0,个人,16,个人汽车里程,2,驻地内个人汽车里程,个人汽车里程的行程显示为驻地内，驻地内因业务产生的燃油费应报销在“月度交通费”，如已报满限额，可选择“交通费-市内”，并提供部门负责人的审批,将为您单笔驳回此费用，请根据要求报销,EN001602
EN,0,个人,17,差旅餐费,1,差旅餐费发票日期问题,差旅餐费需要提供出差当地当日的发票，您提供的发票发票日期与系统填报的实际费用日期不一致,请确认实际费用发生日期，提供正确的发票或小票、付款记录等费用时间证明材料,EN001701
EN,0,个人,17,差旅餐费,2,差旅餐费超标,差旅餐费限额200元/天/人，您当日已报销一笔用餐费用，差旅餐费限额100元，需扣除差额费用,请确认后为您扣除差额费用,EN001702
EN,0,个人,17,差旅餐费,3,差旅餐费超标,差旅餐费限额200元/天/人，您当日已报销两笔用餐费用，差旅餐费限额0元，需扣除差额费用,请确认后为您扣除差额费用,EN001703
EN,0,个人,18,其他差旅费用,1,费用类型错误,根据SOP规定，过路费、退票费等费用需报销在“其他差旅费用”中,已为您系统驳回，请重新提交完成业务审批流程后@通知审核员,EN001801
EN,0,个人,19,团队建设,1,缺水单明细（超300）,根据SOP规定，该费用≥300元，需提供水单明细,请提供,EN001901
EN,0,个人,19,团队建设,2,个人卡支付,根据SOP规定，个人银行卡支付超过300元，需提供付款记录及带有持卡人姓名的个人卡照片或银行对账单,请提供,EN001902
EN,0,个人,19,团队建设,3,现金支付,"“微信零钱”、""支付宝花呗”及“京东白条”支付，系统付款类型应选择“现金”非“个人卡”，需驳回修改",已为您系统驳回，请重新提交完成业务审批流程后@通知审核员,EN001903
EN,0,个人,19,团队建设,4,缺少明细（商超）,根据SOP规定，超市、商场或水果市场购买的费用，需要提供明细,请提供,EN001904
EN,0,个人,20,内部会议/活动,1,缺水单明细（超300）,根据SOP规定，费用≥300元，需提供水单明细,请提供,EN002001
EN,0,个人,20,内部会议/活动,2,缺少明细（商超）,根据SOP规定，超市、商场或水果市场购买的费用，需要提供明细,请提供,EN002002
EN,0,个人,20,内部会议/活动,3,缺会议议程,根据SOP规定，报销内部活动/会议费用需提供会议议程（包括时间、地点、主题等）,请提供符合要求的会议议程,EN002003
EN,0,个人,20,内部会议/活动,4,个人卡支付,根据SOP规定，个人银行卡支付超过300元，需提供付款记录及带有持卡人姓名的个人卡照片或银行对账单,请提供,EN002004
EN,0,个人,20,内部会议/活动,5,现金支付,"“微信零钱”、""支付宝花呗”及“京东白条”支付，系统付款类型应选择“现金”非“个人卡”，需驳回修改",已为您系统驳回，请重新提交完成业务审批流程后@通知审核员,EN002005
EN,0,个人,20,内部会议/活动,6,参会人问题,根据SOP规定，内部活动/会议参与人仅有公司内部员工，您系统填报的参与人不符合要求,请确认,EN002006
EN,0,个人,21,内部会议-礼品/奖品,1,缺水单明细（超300）,根据SOP规定，该费用≥300元，需提供水单明细,请将水单原件邮寄至我司，并将水单照片或扫描件补充上传至评论区,EN002101
EN,0,个人,21,内部会议-礼品/奖品,2,个人卡支付,根据SOP规定，个人银行卡支付超过300元，需提供付款记录及带有持卡人姓名的个人卡照片或银行对账单,请提供,EN002102
EN,0,个人,21,内部会议-礼品/奖品,3,现金支付,"“微信零钱”、""支付宝花呗”及“京东白条”支付，系统付款类型应选择“现金”非“个人卡”，需驳回修改",已为您系统驳回，请重新提交完成业务审批流程后@通知审核员,EN002103
EN,0,个人,21,内部会议-礼品/奖品,4,缺签收单,根据SOP规定，报销礼品/奖品需提供签收单（包含姓名、品名、单价、数量、总额、签收人签字）,请提供,EN002104
EN,0,个人,21,内部会议-礼品/奖品,5,礼品类别问题,根据SOP规定，礼品或奖品不得包括礼品卡、购物卡等，此笔费用不符合要求，不予报销,请确认后为您扣除此笔费用,EN002105
EN,0,个人,21,内部会议-礼品/奖品,6,礼品金额超标,根据SOP规定，报销礼品/奖品超过该类型下的标准限额，不予报销,请确认后为您扣除此笔费用,EN002106
EN,0,个人,22,早餐,1,缺水单明细（超300）,根据SOP规定，该费用≥300元，需提供水单明细,请将水单原件邮寄至我司，并将水单照片或扫描件补充上传至评论区,EN002201
EN,0,个人,22,早餐,2,缺少明细（商超）,根据SOP规定，超市、商场或水果市场购买的费用，需要提供明细,请提供,EN002202
EN,0,个人,22,早餐,3,个人卡支付,根据SOP规定，个人银行卡支付超过300元，需提供付款记录及带有持卡人姓名的个人卡照片或银行对账单,请提供,EN002203
EN,0,个人,22,早餐,4,现金支付,"“微信零钱”、""支付宝花呗”及“京东白条”支付，系统付款类型应选择“现金”非“个人卡”，需驳回修改",已为您系统驳回，请重新提交完成业务审批流程后@通知审核员,EN002204
EN,0,个人,22,早餐,5,超人均300元（客户/供应商）,"根据SOP规定，员工为招待第三方客户或供应商支付的餐费，不应超过人均 300 元。如有超过上述标准的特殊情
况，需获得部门负责人的审批。",请提供,EN002205
EN,0,个人,22,早餐,6,超人均300元（HCP/政府官员）,"根据SOP规定，员工为招待HCP或政府官员支付的餐费，不应超过人均 300 元。如有超过上述标准的特殊情
况，需获得部门负责人和合规部负责人的共同审批。",请提供,EN002206
EN,0,个人,22,早餐,7,业务招待无内部员工,根据SOP规定，业务招待的参与人需有（内部）+（外部），您的业务招待不符合要求，不予报销,请确认后为您扣除该笔费用,EN002207
EN,0,个人,23,午餐,1,缺水单明细（超300）,根据SOP规定，该费用≥300元，需提供水单明细,请将水单原件邮寄至我司，并将水单照片或扫描件补充上传至评论区,EN002301
EN,0,个人,23,午餐,2,缺少明细（商超）,根据SOP规定，超市、商场或水果市场购买的费用，需要提供明细,请提供,EN002302
EN,0,个人,23,午餐,3,个人卡支付,根据SOP规定，个人银行卡支付超过300元，需提供付款记录及带有持卡人姓名的个人卡照片或银行对账单,请提供,EN002303
EN,0,个人,23,午餐,4,现金支付,"“微信零钱”、""支付宝花呗”及“京东白条”支付，系统付款类型应选择“现金”非“个人卡”，需驳回修改",已为您系统驳回，请重新提交完成业务审批流程后@通知审核员,EN002304
EN,0,个人,23,午餐,5,超人均300元（客户/供应商）,"根据SOP规定，员工为招待第三方客户或供应商支付的餐费，不应超过人均 300 元。如有超过上述标准的特殊情
况，需获得部门负责人的审批。",请提供,EN002305
EN,0,个人,23,午餐,6,超人均300元（HCP/政府官员）,"根据SOP规定，员工为招待HCP或政府官员支付的餐费，不应超过人均 300 元。如有超过上述标准的特殊情
况，需获得部门负责人和合规部负责人的共同审批。",请提供,EN002306
EN,0,个人,23,午餐,7,业务招待无内部员工,根据SOP规定，业务招待的参与人需有（内部）+（外部），您的业务招待不符合要求，不予报销,请确认后为您扣除该笔费用,EN002307
EN,0,个人,24,晚餐,1,缺水单明细（超300）,根据SOP规定，该费用≥300元，需提供水单明细,请将水单原件邮寄至我司，并将水单照片或扫描件补充上传至评论区,EN002401
EN,0,个人,24,晚餐,2,缺少明细（商超）,根据SOP规定，超市、商场或水果市场购买的费用，需要提供明细,请提供,EN002402
EN,0,个人,24,晚餐,3,个人卡支付,根据SOP规定，个人银行卡支付超过300元，需提供付款记录及带有持卡人姓名的个人卡照片或银行对账单,请提供,EN002403
EN,0,个人,24,晚餐,4,现金支付,"“微信零钱”、""支付宝花呗”及“京东白条”支付，系统付款类型应选择“现金”非“个人卡”，需驳回修改",已为您系统驳回，请重新提交完成业务审批流程后@通知审核员,EN002404
EN,0,个人,24,晚餐,5,超人均300元（客户/供应商）,"根据SOP规定，员工为招待第三方客户或供应商支付的餐费，不应超过人均 300 元。如有超过上述标准的特殊情
况，需获得部门负责人的审批。",请提供,EN002405
EN,0,个人,24,晚餐,6,超人均300元（HCP/政府官员）,"根据SOP规定，员工为招待HCP或政府官员支付的餐费，不应超过人均 300 元。如有超过上述标准的特殊情
况，需获得部门负责人和合规部负责人的共同审批。",请提供,EN002406
EN,0,个人,24,晚餐,7,业务招待无内部员工,根据SOP规定，业务招待的参与人需有（内部）+（外部），您的业务招待不符合要求，不予报销,请确认后为您扣除该笔费用,EN002407
EN,0,个人,25,夜宵,1,缺水单明细（超300）,根据SOP规定，该费用≥300元，需提供水单明细,请将水单原件邮寄至我司，并将水单照片或扫描件补充上传至评论区,EN002501
EN,0,个人,25,夜宵,2,缺少明细（商超）,根据SOP规定，超市、商场或水果市场购买的费用，需要提供明细,请提供,EN002502
EN,0,个人,25,夜宵,3,个人卡支付,根据SOP规定，个人银行卡支付超过300元，需提供付款记录及带有持卡人姓名的个人卡照片或银行对账单,请提供,EN002503
EN,0,个人,25,夜宵,4,现金支付,"“微信零钱”、""支付宝花呗”及“京东白条”支付，系统付款类型应选择“现金”非“个人卡”，需驳回修改",已为您系统驳回，请重新提交完成业务审批流程后@通知审核员,EN002504
EN,0,个人,25,夜宵,5,超人均300元（客户/供应商）,"根据SOP规定，员工为招待第三方客户或供应商支付的餐费，不应超过人均 300 元。如有超过上述标准的特殊情
况，需获得部门负责人的审批。",请提供,EN002505
EN,0,个人,25,夜宵,6,超人均300元（HCP/政府官员）,"根据SOP规定，员工为招待HCP或政府官员支付的餐费，不应超过人均 300 元。如有超过上述标准的特殊情
况，需获得部门负责人和合规部负责人的共同审批。",请提供,EN002506
EN,0,个人,25,夜宵,7,业务招待无内部员工,根据SOP规定，业务招待的参与人需有（内部）+（外部），您的业务招待不符合要求，不予报销,请确认后为您扣除该笔费用,EN002507
EN,0,个人,26,下午茶,1,缺水单明细（超300）,根据SOP规定，该费用≥300元，需提供水单明细,请将水单原件邮寄至我司，并将水单照片或扫描件补充上传至评论区,EN002601
EN,0,个人,26,下午茶,2,缺少明细（商超）,根据SOP规定，超市、商场或水果市场购买的费用，需要提供明细,请提供,EN002602
EN,0,个人,26,下午茶,3,个人卡支付,根据SOP规定，个人银行卡支付超过300元，需提供付款记录及带有持卡人姓名的个人卡照片或银行对账单,请提供,EN002603
EN,0,个人,26,下午茶,4,现金支付,"“微信零钱”、""支付宝花呗”及“京东白条”支付，系统付款类型应选择“现金”非“个人卡”，需驳回修改",已为您系统驳回，请重新提交完成业务审批流程后@通知审核员,EN002604
EN,0,个人,26,下午茶,5,超人均300元（客户/供应商）,"根据SOP规定，员工为招待第三方客户或供应商支付的餐费，不应超过人均 300 元。如有超过上述标准的特殊情
况，需获得部门负责人的审批。",请提供,EN002605
EN,0,个人,26,下午茶,6,超人均300元（HCP/政府官员）,"根据SOP规定，员工为招待HCP或政府官员支付的餐费，不应超过人均 300 元。如有超过上述标准的特殊情
况，需获得部门负责人和合规部负责人的共同审批。",请提供,EN002606
EN,0,个人,26,下午茶,7,业务招待无内部员工,根据SOP规定，业务招待的参与人需有（内部）+（外部），您的业务招待不符合要求，不予报销,请确认后为您扣除该笔费用,EN002607
EN,0,个人,27,业务招待-礼品,1,缺水单明细（超300）,根据SOP规定，该费用≥300元，需提供水单明细,请将水单原件邮寄至我司，并将水单照片或扫描件补充上传至评论区,EN002701
EN,0,个人,27,业务招待-礼品,2,个人卡支付,根据SOP规定，个人银行卡支付超过300元，需提供付款记录及带有持卡人姓名的个人卡照片或银行对账单,请提供,EN002702
EN,0,个人,27,业务招待-礼品,3,现金支付,"“微信零钱”、""支付宝花呗”及“京东白条”支付，系统付款类型应选择“现金”非“个人卡”，需驳回修改",已为您系统驳回，请重新提交完成业务审批流程后@通知审核员,EN002703
EN,0,个人,27,业务招待-礼品,4,缺签收单,根据SOP规定，报销礼品/奖品需提供签收单（包含姓名、品名、单价、数量、总额、签收人签字）,请提供,EN002704
EN,0,个人,27,业务招待-礼品,5,礼品类别问题,根据SOP规定，礼品或奖品不得包括礼品卡、购物卡等，此笔费用不符合要求，不予报销,请提供,EN002705
EN,0,个人,27,业务招待-礼品,6,缺审批,根据SOP规定，礼品或奖品需提供部门负责人批准邮件,请提供,EN002706
EN,0,个人,28,员工工作手机购机款,1,手机款超标,根据SOP规定，手机购机款报销上限金额为5000元,请确认后为您扣除差额费用,EN002801
EN,0,个人,28,员工工作手机购机款,2,个人卡支付,根据SOP规定，个人银行卡支付超过300元，需提供付款记录及带有持卡人姓名的个人卡照片或银行对账单,请提供,EN002802
EN,0,个人,28,员工工作手机购机款,3,现金支付,"“微信零钱”、""支付宝花呗”及“京东白条”支付，系统付款类型应选择“现金”非“个人卡”，需驳回修改",已为您系统驳回，请重新提交完成业务审批流程后@通知审核员,EN002803
EN,0,个人,28,员工工作手机购机款,4,缺申购单,根据SOP规定，报销购机款系统提供申购单,请提供,EN002804
EN,0,个人,28,员工工作手机购机款,5,购买时间早于申购单,根据SOP规定，购买手机的时间不得早于申购单的审批时间，此笔费用不符合要求，不予报销,请确认后为您扣除该笔费用,EN002805
EN,0,个人,29,小型医学沟通会餐费,1,缺水单明细（超300）,根据SOP规定，该费用≥300元，需提供水单明细,请提供,EN002901
EN,0,个人,29,小型医学沟通会餐费,2,个人卡支付,根据SOP规定，个人银行卡支付超过300元，需提供付款记录及带有持卡人姓名的个人卡照片或银行对账单,请提供,EN002902
EN,0,个人,29,小型医学沟通会餐费,3,现金支付,"“微信零钱”、""支付宝花呗”及“京东白条”支付，系统付款类型应选择“现金”非“个人卡”，需驳回修改",已为您系统驳回，请重新提交完成业务审批流程后@通知审核员,EN002903
EN,0,个人,29,小型医学沟通会餐费,4,缺会议议程,根据SOP规定，报销小沟会需提供会议议程（包括时间、地点、主题等）,请提供,EN002904
EN,0,个人,29,小型医学沟通会餐费,5,超人均150元,根据SOP规定，小沟会会议餐费人均不可超过150元，如需全额报销，需提供部门负责人和合规部负责人的共同审批,请提供特批邮件或我们帮您扣除超额部分,EN002905
EN,0,个人,29,小型医学沟通会餐费,6,外部参会人超标,根据SOP规定，小沟会外部参会者不得超过3人,请确认,EN002906
EN,0,个人,29,小型医学沟通会餐费,7,缺餐厅门头照,根据SOP规定，报销会议餐费需提供餐厅门头照,请提供,EN002907
EN,0,个人,29,小型医学沟通会餐费,8,会议餐费形式,根据SOP规定，小沟会会议餐费应为午餐会或晚餐会形式，您报销的餐费内部不符合要求,请解释说明,EN002908
EN,0,个人,30,培训费,1,个人卡支付,根据SOP规定，个人银行卡支付超过300元，需提供付款记录及带有持卡人姓名的个人卡照片或银行对账单,请提供,EN003001
EN,0,个人,30,培训费,2,现金支付,"“微信零钱”、""支付宝花呗”及“京东白条”支付，系统付款类型应选择“现金”非“个人卡”，需驳回修改",已为您系统驳回，请重新提交完成业务审批流程后@通知审核员,EN003002
EN,0,个人,0,通用,1,所属年月,报销单所属年月填写错误,需系统驳回修改,EN000001
EN,0,个人,0,通用,2,纸质材料,已完成线上初审,请打印封面后将报销单邮寄至我司,EN000002
EN,0,个人,0,通用,3,费用逾期,根据SOP规定，报销单需在90天内完成审核，您的报销单已超过90天,如需报销本次将记录逾期，请回复确认,EN000003
MN,1,学术论坛,1,会议讲课费,1,非讲者库讲者,根据SOP规定，报销讲课费的讲者必须是讲者库中的讲者，且不能在会议结束后特批补入库,不符合要求不予支付讲课费,MN010101
MN,1,学术论坛,1,会议讲课费,2,业务约定书不完整,根据SOP规定，业务约定书需完整正确的填写，并由HCP签字后将完整原件邮寄至我司,请提供,MN010102
MN,1,学术论坛,1,会议讲课费,3,讲者人数超标,根据SOP规定，支付讲课费的人数不应超过外部参会总人数的20%,请确认，并告知需扣除讲课费的HCP姓名,MN010103
MN,1,学术论坛,1,会议讲课费,4,主席和点评嘉宾人数超标,根据SOP规定，支付讲课费的主席和点评专家的总数不得超过讲者总数,请确认，并告知需扣除讲课费的HCP姓名,MN010104
MN,1,学术论坛,1,会议讲课费,5,讲者未全程参会,根据SOP规定，支付讲课费的专家需全程参会，并签到,请补充提供签到，不符合要求不予支付讲课费,MN010105
MN,1,学术论坛,1,会议讲课费,6,演讲时长不达标,根据SOP规定，学术论坛讲者讲课时间（包括手术演示、讨论问答）需≥20分钟,不符合要求不予支付讲课费,MN010106
MN,1,学术论坛,1,会议讲课费,7,点评时长不达标,根据SOP规定，学术论坛点评专家限全国级和区域级HCP，且点评时长累计需≥10分钟，,不符合要求不予支付讲课费,MN010107
MN,1,学术论坛,1,会议讲课费,8,点评专家讲课费标准,根据SOP规定，学术论坛点评专家的讲课费支付标准为80%*职级标准,将为您扣除差额,MN010108
MN,1,学术论坛,1,会议讲课费,9,主席参会时长,"根据SOP规定，学术论坛主席限全国级和区域级HCP中主任医师、副主任医师,且原则上应全程参加活动并致辞发言，",不符合要求不予支付讲课费,MN010109
MN,1,学术论坛,0,通用,1,会议权限_学术论坛,根据SOP规定，学术论坛可举办的组织者岗位为地区业务销售经理及以上、市场、医学、临床运营、市场准入和商务，您无权限举办此类型会议,请提供逐级审批至部门负责人的授权邮件并抄送合规,MN010001
MN,1,学术论坛,0,通用,2,会议议程_变更,学会活动变更会议时间、会议地点需提供企业微信变更流程或变更审批邮件,请提供,MN010002
MN,1,学术论坛,0,通用,3,会议议程_不一致,会议议程内容与系统填报的实际会议情况不一致,请确认并提供更新的会议议程,MN010003
MN,1,学术论坛,0,通用,4,会议议程_不完整,会议议程需包含会议日期、会议开展时间、会议地点、会议内容、演讲主题和演讲人,请补充提供,MN010004
MN,1,学术论坛,0,通用,5,会议议程_时长不足,根据SOP规定，学术论坛会议时长需≥ 半天（2-4H）,请确认,MN010005
MN,1,学术论坛,0,通用,6,会议地点_不得跨区,根据SOP规定，原则上若全部参会人来自同一城市，学术活动地点不应跨行政区域，特殊情况需得到上级直属领导事前审批,请提供,MN010006
MN,1,学术论坛,0,通用,7,会议地点_禁止景区,根据SOP规定，禁止在景区名胜或铺张奢侈的地点举办或参加会议,不符合要求不予报销,MN010007
MN,1,学术论坛,0,通用,8,会议地点_禁止场所,根据SOP规定，禁止在水疗会所、温泉、度假、滑雪、高尔夫、赌博、邮轮、洗浴中心、KTV娱乐及以以上为主业的场所举办学术活动或进行业务招待活动,不符合要求不予报销,MN010008
MN,1,学术论坛,0,通用,9,会议签到_系统人数不一致,系统实际内外部参会人数与签到表不一致,请确认实际内外部参会人数，并解释说明,MN010009
MN,1,学术论坛,0,通用,10,会议签到_整场未电子签到,根据SOP规定，整场会议未使用电子签到单需提供逐级审批至部门负责人的审批邮件,请提供,MN010010
MN,1,学术论坛,0,通用,11,会议签到_缺线下签到原件,根据SOP规定，线下签到单原件需邮寄至我司,请将原件邮寄至我司，邮寄后提供快递单号,MN010011
MN,1,学术论坛,0,通用,12,会议签到_线下签到缺审批,根据SOP规定，线下签到表下方的“负责与会医疗专业人士的内部员工签字（确认以上签字及备注属实）”和“直线经理签字（确认以上签字及代表说明复核公司要求）”需相应负责人签字,将为您寄回线下签到表，请补充签字后原件寄回我司,MN010012
MN,1,学术论坛,0,通用,13,会议照片_缺水印,根据SOP规定，会议照片需使用水印相机拍摄活动现场照片，并注明活动时间、活动地点、活动主题,请补充提供，如不符合要求将不予报销,MN010013
MN,1,学术论坛,0,通用,14,会议照片_缺会议主题,根据SOP规定，会议照片需体现并反映会议主题（如PPT标题、横幅、易拉宝等），且照片中的会议主题需清洗,请补充提供，如不符合要求将不予报销,MN010014
MN,1,学术论坛,0,通用,15,会议照片_缺付费讲者,根据SOP规定，付费讲者需提供正面清晰演讲照片，照片应体现付费讲者和一张会议幻灯稿同框的场景，要求可识别付费讲者并能体现所参加会议,请补充提供，如不符合要求将不予报销,MN010015
MN,1,学术论坛,0,通用,16,会议照片_水印与议程不一致,根据SOP规定，会议照片水印所反映拍摄时间与会议议程相一致,请补充提供，如不符合要求将不予报销,MN010016
MN,1,学术论坛,0,通用,17,会议照片_人数标准不符,根据SOP规定，学术论坛会议照片需显示50%及以上参会人员（内+外）,请补充提供，如不符合要求将不予报销,MN010017
MN,1,学术论坛,0,通用,18,会议人数_内部人数不符,根据SOP规定，学术论坛内部参会者不可少于2人（包含会议组织者）,请确认实际内部参会人数,MN010018
MN,1,学术论坛,0,通用,19,会议人数_外部人数不符,根据SOP规定，学术论坛外部外部参会者可以跨城市、跨医院、跨科室的HCP共同参与，外部参会人数不少于5人,请确认实际外部参会人数,MN010019
MN,1,学术论坛,0,通用,20,报销范围_时效,根据SOP规定，原则上公司仅承担学术活动会议议程前后24小时内所产生的相关费用，例外事项需提供部门负责人及合规审计总监的共同批准,如需报销请提供特批,MN010020
MN,1,学术论坛,0,通用,21,报销范围_费用,根据SOP规定，学术论坛可报销费用有讲课费、餐饮、住宿费、场租和交通费,额外费用不予报销已为您扣除,MN010021
MN,1,学术论坛,2,会议餐费,1,缺餐厅门头照,根据SOP规定，会议餐费需提供餐厅门头照,请提供,MN010201
MN,1,学术论坛,2,会议餐费,2,餐费与会议时间不相连,根据SOP规定，会议餐费用餐时间应与会议时间相连，且与正常午餐或晚餐时间相近,请解释说明,MN010202
MN,1,学术论坛,2,会议餐费,3,会议餐费超人均,根据SOP规定，会议餐费，不应超过人均 300 元。如有超过上述标准的特殊情况，需获得部门负责人的审批,请提供,MN010203
MN,1,学术论坛,2,会议餐费,4,缺少水单,根据SOP规定，会议餐费≥300元，需提供水单明细,请将水单原件邮寄至我司，并将水单照片或扫描件补充上传至评论区,MN010204
MN,1,学术论坛,2,会议餐费,5,个人卡支付,根据SOP规定，个人银行卡支付超过300元，需提供付款记录及带有持卡人姓名的个人卡照片或银行对账单,请提供,MN010205
MN,1,学术论坛,2,会议餐费,6,现金支付,"“微信零钱”、""支付宝花呗”及“京东白条”支付，系统付款类型应选择“现金”非“个人卡”，需驳回修改",已为您系统驳回，请重新提交完成业务审批流程后@通知审核员,MN010206
MN,1,学术论坛,3,会议交通费,1,HCP飞机标准,根据SOP规定，HCP乘坐飞机，需选择经济舱，单程飞行时间超出8小时可提供商务舱。高于上述标准的交通需事前经业务部负责人、合规审计部负责人及 CEO书面批准。,请提供,MN010301
MN,1,学术论坛,4,会议租车费,1,会议租车明细,根据SOP规定，租车费用，提供详细行程单，包含：日期、接送人具体时间、客人姓名/电话、行程起点详细地址、送达详细地址、车型、金额等信息,请补充提供,MN010401
MN,1,学术论坛,4,会议租车费,2,个人卡支付,根据SOP规定，个人银行卡支付超过300元，需提供付款记录及带有持卡人姓名的个人卡照片或银行对账单,请提供,MN010402
MN,1,学术论坛,4,会议租车费,3,现金支付,"“微信零钱”、""支付宝花呗”及“京东白条”支付，系统付款类型应选择“现金”非“个人卡”，需驳回修改",已为您系统驳回，请重新提交完成业务审批流程后@通知审核员,MN010403
MN,1,学术论坛,5,会议火车票,1,HCP火车标准,根据SOP规定，HCP火车出行不得提供商务舱坐席，高于上述标准的交通需事前经业务部负责人、合规审计部负责人及 CEO书面批准。,请提供,MN010501
MN,1,学术论坛,6,会议茶歇,1,无会议的茶歇,根据SOP规定，会议茶歇不得独立于会议之外提供,请解释说明,MN010601
MN,1,学术论坛,6,会议茶歇,2,超市、商场或水果市场购买费用,根据SOP规定，超市、商场或水果市场购买的费用，需要提供明细,请提供,MN010602
MN,1,学术论坛,6,会议茶歇,3,个人卡支付,根据SOP规定，个人银行卡支付超过300元，需提供付款记录及带有持卡人姓名的个人卡照片或银行对账单,请提供,MN010603
MN,1,学术论坛,6,会议茶歇,4,现金支付,"“微信零钱”、""支付宝花呗”及“京东白条”支付，系统付款类型应选择“现金”非“个人卡”，需驳回修改",已为您系统驳回，请重新提交完成业务审批流程后@通知审核员,MN010604
MN,1,学术论坛,7,会议场租,1,个人卡支付,根据SOP规定，个人银行卡支付超过300元，需提供付款记录及带有持卡人姓名的个人卡照片或银行对账单,请提供,MN010701
MN,1,学术论坛,7,会议场租,2,现金支付,"“微信零钱”、""支付宝花呗”及“京东白条”支付，系统付款类型应选择“现金”非“个人卡”，需驳回修改",已为您系统驳回，请重新提交完成业务审批流程后@通知审核员,MN010702
MN,1,学术论坛,8,会议个人车辆,1,个人卡支付,根据SOP规定，个人银行卡支付超过300元，需提供付款记录及带有持卡人姓名的个人卡照片或银行对账单,请提供,MN010801
MN,1,学术论坛,8,会议个人车辆,2,现金支付,"“微信零钱”、""支付宝花呗”及“京东白条”支付，系统付款类型应选择“现金”非“个人卡”，需驳回修改",已为您系统驳回，请重新提交完成业务审批流程后@通知审核员,MN010802
MN,1,学术论坛,9,会议推广材料制作,1,个人卡支付,根据SOP规定，个人银行卡支付超过300元，需提供付款记录及带有持卡人姓名的个人卡照片或银行对账单,请提供,MN010901
MN,1,学术论坛,9,会议推广材料制作,2,现金支付,"“微信零钱”、""支付宝花呗”及“京东白条”支付，系统付款类型应选择“现金”非“个人卡”，需驳回修改",已为您系统驳回，请重新提交完成业务审批流程后@通知审核员,MN010902
MN,1,学术论坛,10,会议住宿费,1,HCP住宿标准,根据SOP规定，提供HCP的住宿费北上广深不得超过1000元/人/晚，其他城市不超过750元/人/晚，海外城市不超过2000元/人/晚，高于上述标准的住宿费需事前获得业务部负责人和合规审计部负责人的书面批准,请提供,MN011001
MN,1,学术论坛,10,会议住宿费,2,个人卡支付,根据SOP规定，个人银行卡支付超过300元，需提供付款记录及带有持卡人姓名的个人卡照片或银行对账单,请提供,MN011002
MN,1,学术论坛,10,会议住宿费,3,现金支付,"“微信零钱”、""支付宝花呗”及“京东白条”支付，系统付款类型应选择“现金”非“个人卡”，需驳回修改",已为您系统驳回，请重新提交完成业务审批流程后@通知审核员,MN011003
MN,1,学术论坛,11,会议杂项开支,1,个人卡支付,根据SOP规定，个人银行卡支付超过300元，需提供付款记录及带有持卡人姓名的个人卡照片或银行对账单,请提供,MN011101
MN,1,学术论坛,11,会议杂项开支,2,现金支付,"“微信零钱”、""支付宝花呗”及“京东白条”支付，系统付款类型应选择“现金”非“个人卡”，需驳回修改",已为您系统驳回，请重新提交完成业务审批流程后@通知审核员,MN011102
MN,2,患者教育,1,会议讲课费,1,非讲者库讲者,根据SOP规定，报销讲课费的讲者必须是讲者库中的讲者，且不能在会议结束后特批补入库,不符合要求不予支付讲课费,MN020101
MN,2,患者教育,1,会议讲课费,2,业务约定书不完整,根据SOP规定，业务约定书需完整正确的填写，并由HCP签字后将完整原件邮寄至我司,请提供,MN020102
MN,2,患者教育,1,会议讲课费,3,讲者人数超标,根据SOP规定，支付讲课费的人数不应超过外部参会总人数的20%,请确认，并告知需扣除讲课费的HCP姓名,MN020103
MN,2,患者教育,1,会议讲课费,4,讲者未全程参会,根据SOP规定，支付讲课费的专家需全程参会，并签到,请补充提供签到，不符合要求不予支付讲课费,MN020104
MN,2,患者教育,1,会议讲课费,5,演讲时长不达标,根据SOP规定，患者教育HCP讲课时长需≥20分钟,不符合要求不予支付讲课费,MN020105
MN,2,患者教育,1,会议讲课费,6,线上患者听课时长,根据SOP规定，线上患者教育患者累计听课时长需≥10分钟,不符合要求不予支付讲课费,MN020106
MN,2,患者教育,1,会议讲课费,7,线下患者听课时长,根据SOP规定，线下患者教育患者需全程参加,不符合要求不予支付讲课费,MN020107
MN,2,患者教育,1,会议讲课费,8,混合患教听课时长,根据SOP规定，混合患者教育线上患者的累计听课时长需≥10分钟，线下患者需全程参加。,不符合要求不予支付讲课费,MN020108
MN,2,患者教育,1,会议讲课费,9,个人卡支付,根据SOP规定，个人银行卡支付超过300元，需提供付款记录及带有持卡人姓名的个人卡照片或银行对账单,请提供,MN020109
MN,2,患者教育,1,会议讲课费,10,现金支付,"“微信零钱”、""支付宝花呗”及“京东白条”支付，系统付款类型应选择“现金”非“个人卡”，需驳回修改",已为您系统驳回，请重新提交完成业务审批流程后@通知审核员,MN020110
MN,2,患者教育,0,通用,1,会议权限_线上患教,根据SOP规定，线上患教可举办的组织者岗位为地区业务销售经理、医药代表、市场和商务，您无权限举办此类型会议,请提供逐级审批至部门负责人的授权邮件并抄送合规,MN020001
MN,2,患者教育,0,通用,2,会议权限_线下患教,根据SOP规定，线下患教可举办的组织者岗位为地区业务销售经理、市场和商务，您无权限举办此类型会议,请提供逐级审批至部门负责人的授权邮件并抄送合规,MN020002
MN,2,患者教育,0,通用,3,会议权限_混合患教,根据SOP规定，混合患教可举办的组织者岗位为地区业务销售经理、市场和商务，您无权限举办此类型会议,请提供逐级审批至部门负责人的授权邮件并抄送合规,MN020003
MN,2,患者教育,0,通用,4,会议议程_变更,学会活动变更会议时间、会议地点需提供企业微信变更流程或变更审批邮件,请提供,MN020004
MN,2,患者教育,0,通用,5,会议议程_不一致,会议议程内容与系统填报的实际会议情况不一致,请确认并提供更新的会议议程,MN020005
MN,2,患者教育,0,通用,6,会议议程_不完整,会议议程需包含会议日期、会议开展时间、会议地点、会议内容、演讲主题和演讲人,请补充提供,MN020006
MN,2,患者教育,0,通用,7,会议议程_时长不足,根据SOP规定，患者教育HCP讲课时长需≥20分钟,请确认,MN020007
MN,2,患者教育,0,通用,8,会议地点_不得跨区,根据SOP规定，原则上若全部参会人来自同一城市，学术活动地点不应跨行政区域，特殊情况需得到上级直属领导事前审批,请提供,MN020008
MN,2,患者教育,0,通用,9,会议地点_禁止景区,根据SOP规定，禁止在景区名胜或铺张奢侈的地点举办或参加会议,不符合要求不予报销,MN020009
MN,2,患者教育,0,通用,10,会议地点_禁止场所,根据SOP规定，禁止在水疗会所、温泉、度假、滑雪、高尔夫、赌博、邮轮、洗浴中心、KTV娱乐及以以上为主业的场所举办学术活动或进行业务招待活动,不符合要求不予报销,MN020010
MN,2,患者教育,0,通用,11,会议签到_系统人数不一致,系统实际内外部参会人数与签到表不一致,请确认实际内外部参会人数，并解释说明,MN020011
MN,2,患者教育,0,通用,12,会议签到_整场未电子签到,根据SOP规定，整场会议未使用电子签到单需提供逐级审批至部门负责人的审批邮件,请提供,MN020012
MN,2,患者教育,0,通用,13,会议签到_缺线下签到原件,根据SOP规定，线下签到单原件需邮寄至我司,请将原件邮寄至我司，邮寄后提供快递单号,MN020013
MN,2,患者教育,0,通用,14,会议签到_线下签到缺审批,根据SOP规定，线下签到表下方的“负责与会医疗专业人士的内部员工签字（确认以上签字及备注属实）”和“直线经理签字（确认以上签字及代表说明复核公司要求）”需相应负责人签字,将为您寄回线下签到表，请补充签字后原件寄回我司,MN020014
MN,2,患者教育,0,通用,15,会议照片_缺照片水印,根据SOP规定，线下患教会议照片需使用水印相机拍摄活动现场照片，并注明活动时间、活动地点、活动主题,请补充提供，如不符合要求将不予报销,MN020015
MN,2,患者教育,0,通用,16,会议照片_缺会议主题,根据SOP规定，会议照片需体现并反映会议主题（如PPT标题、横幅、易拉宝等），且照片中的会议主题需清洗,请补充提供，如不符合要求将不予报销,MN020016
MN,2,患者教育,0,通用,17,会议照片_缺付费讲者,根据SOP规定，付费讲者需提供正面清晰演讲照片，照片应体现付费讲者和一张会议幻灯稿同框的场景，要求可识别付费讲者并能体现所参加会议,请补充提供，如不符合要求将不予报销,MN020017
MN,2,患者教育,0,通用,18,会议照片_水印与议程不一致,根据SOP规定，会议照片水印所反映拍摄时间与会议议程相一致,请补充提供，如不符合要求将不予报销,MN020018
MN,2,患者教育,0,通用,19,会议照片_线下会议人数标准不符,根据SOP规定，线下患者教育会议照片需显示50%参会人员（内+外）,请补充提供，如不符合要求将不予报销,MN020019
MN,2,患者教育,0,通用,20,会议照片_缺线上会议截图,根据SOP规定，线上患者教育会议照片需显示课件名称及讲者画面,请补充提供，如不符合要求将不予报销,MN020020
MN,2,患者教育,0,通用,21,会议人数_内部人数不符,根据SOP规定，患者教育内部参会者需≥1人（包含会议组织者）,请确认实际内部参会人数,MN020021
MN,2,患者教育,0,通用,22,会议人数_外部人数不符,根据SOP规定，患者教育外部参会者需≥5人,请确认实际外部参会人数,MN020022
MN,2,患者教育,0,通用,23,报销范围_时效,根据SOP规定，原则上公司仅承担学术活动会议议程前后24小时内所产生的相关费用，例外事项需提供部门负责人及合规审计总监的共同批准,如需报销请提供特批,MN020023
MN,2,患者教育,0,通用,24,报销范围_费用,根据SOP规定，患者教育可报销费用有讲课费、餐饮、交通,额外费用不予报销已为您扣除,MN020024
MN,2,患者教育,2,会议餐费,1,缺餐厅门头照,根据SOP规定，会议餐费需提供餐厅门头照,请提供,MN020201
MN,2,患者教育,2,会议餐费,2,餐费与会议时间不相连,根据SOP规定，会议餐费用餐时间应与会议时间相连，且与正常午餐或晚餐时间相近,请解释说明,MN020202
MN,2,患者教育,2,会议餐费,3,会议餐费超人均,根据SOP规定，会议餐费，不应超过人均 300 元。如有超过上述标准的特殊情况，需获得部门负责人的审批,请提供,MN020203
MN,2,患者教育,2,会议餐费,4,缺少水单,根据SOP规定，会议餐费≥300元，需提供水单明细,请将水单原件邮寄至我司，并将水单照片或扫描件补充上传至评论区,MN020204
MN,2,患者教育,2,会议餐费,5,个人卡支付,根据SOP规定，个人银行卡支付超过300元，需提供付款记录及带有持卡人姓名的个人卡照片或银行对账单,请提供,MN020205
MN,2,患者教育,2,会议餐费,6,现金支付,"“微信零钱”、""支付宝花呗”及“京东白条”支付，系统付款类型应选择“现金”非“个人卡”，需驳回修改",已为您系统驳回，请重新提交完成业务审批流程后@通知审核员,MN020206
MN,2,患者教育,6,会议茶歇,1,无会议的茶歇,根据SOP规定，会议茶歇不得独立于会议之外提供,请解释说明,MN020601
MN,2,患者教育,6,会议茶歇,2,超市、商场或水果市场购买费用,根据SOP规定，超市、商场或水果市场购买的费用，需要提供明细,请提供,MN020602
MN,2,患者教育,6,会议茶歇,3,个人卡支付,根据SOP规定，个人银行卡支付超过300元，需提供付款记录及带有持卡人姓名的个人卡照片或银行对账单,请提供,MN020603
MN,2,患者教育,6,会议茶歇,4,现金支付,"“微信零钱”、""支付宝花呗”及“京东白条”支付，系统付款类型应选择“现金”非“个人卡”，需驳回修改",已为您系统驳回，请重新提交完成业务审批流程后@通知审核员,MN020604
MN,3,院内会,2,会议餐费,1,缺餐厅门头照,根据SOP规定，会议餐费需提供餐厅门头照,请提供,MN030201
MN,3,院内会,2,会议餐费,2,餐费与会议时间不相连,根据SOP规定，会议餐费用餐时间应与会议时间相连，且与正常午餐或晚餐时间相近,请解释说明,MN030202
MN,3,院内会,2,会议餐费,3,会议餐费超人均,根据SOP规定，院内会会议餐费，不应超过人均 100元。如有超过上述标准的特殊情况，需获得部门负责人和合规部负责人的审批,请提供,MN030203
MN,3,院内会,2,会议餐费,4,缺少水单,根据SOP规定，会议餐费≥300元，需提供水单明细,请将水单原件邮寄至我司，并将水单照片或扫描件补充上传至评论区,MN030204
MN,3,院内会,2,会议餐费,5,个人卡支付,根据SOP规定，个人银行卡支付超过300元，需提供付款记录及带有持卡人姓名的个人卡照片或银行对账单,请提供,MN030205
MN,3,院内会,2,会议餐费,6,现金支付,"“微信零钱”、""支付宝花呗”及“京东白条”支付，系统付款类型应选择“现金”非“个人卡”，需驳回修改",已为您系统驳回，请重新提交完成业务审批流程后@通知审核员,MN030206
MN,3,院内会,0,通用,1,会议权限_院内会,根据SOP规定，院内会可举办的组织者岗位为医药代表、地区业务销售经理，您无权限举办此类型会议,请提供逐级审批至部门负责人的授权邮件并抄送合规,MN030001
MN,3,院内会,0,通用,2,会议议程_变更,学会活动变更会议时间、会议地点需提供企业微信变更流程或变更审批邮件,请提供,MN030002
MN,3,院内会,0,通用,3,会议议程_不一致,会议议程内容与系统填报的实际会议情况不一致,请确认并提供更新的会议议程,MN030003
MN,3,院内会,0,通用,4,会议议程_不完整,会议议程需包含会议日期、会议开展时间、会议地点、会议内容、演讲主题和演讲人,请补充提供,MN030004
MN,3,院内会,0,通用,5,会议议程_时长不足,根据SOP规定，院内会会议时长需≥20分钟,请确认,MN030005
MN,3,院内会,0,通用,6,会议地点_限院内,根据SOP规定，院内会地点仅限院内，不复核要求不予报销,已为您扣除,MN030006
MN,3,院内会,0,通用,7,会议签到_系统人数不一致,系统实际内外部参会人数与签到表不一致,请确认实际内外部参会人数，并解释说明,MN030007
MN,3,院内会,0,通用,8,会议签到_整场未电子签到,根据SOP规定，整场会议未使用电子签到单需提供逐级审批至部门负责人的审批邮件,请提供,MN030008
MN,3,院内会,0,通用,9,会议签到_缺线下签到原件,根据SOP规定，线下签到单原件需邮寄至我司,请将原件邮寄至我司，邮寄后提供快递单号,MN030009
MN,3,院内会,0,通用,10,会议签到_线下签到缺审批,根据SOP规定，线下签到表下方的“负责与会医疗专业人士的内部员工签字（确认以上签字及备注属实）”和“直线经理签字（确认以上签字及代表说明复核公司要求）”需相应负责人签字,将为您寄回线下签到表，请补充签字后原件寄回我司,MN030010
MN,3,院内会,0,通用,11,会议照片_缺水印,根据SOP规定，会议照片需使用水印相机拍摄活动现场照片，并注明活动时间、活动地点、活动主题,请补充提供，如不符合要求将不予报销,MN030011
MN,3,院内会,0,通用,12,会议照片_缺会议主题,根据SOP规定，会议照片需体现并反映会议主题（如PPT标题、横幅、易拉宝等），且照片中的会议主题需清洗,请补充提供，如不符合要求将不予报销,MN030012
MN,3,院内会,0,通用,13,会议照片_缺付费讲者,根据SOP规定，付费讲者需提供正面清晰演讲照片，照片应体现付费讲者和一张会议幻灯稿同框的场景，要求可识别付费讲者并能体现所参加会议,请补充提供，如不符合要求将不予报销,MN030013
MN,3,院内会,0,通用,14,会议照片_水印与议程不一致,根据SOP规定，会议照片水印所反映拍摄时间与会议议程相一致,请补充提供，如不符合要求将不予报销,MN030014
MN,3,院内会,0,通用,15,会议照片_人数标准不符,根据SOP规定，院内会会议照片需显示100%外部参会人员,请补充提供，如不符合要求将不予报销,MN030015
MN,3,院内会,0,通用,16,会议人数_内部人数不符,根据SOP规定，院内会内部参会者需≥1人（含会议组织者）,请确认实际内部参会人数,MN030016
MN,3,院内会,0,通用,17,报销范围_时效,根据SOP规定，原则上公司仅承担学术活动会议议程前后24小时内所产生的相关费用，例外事项需提供部门负责人及合规审计总监的共同批准,如需报销请提供特批,MN030017
MN,3,院内会,0,通用,18,报销范围_费用,根据SOP规定，院内会仅允许报销会议餐饮费,额外费用不予报销已为您扣除,MN030018
MN,3,院内会,6,会议茶歇,1,会议茶歇超人均,根据SOP规定，院内会议茶歇与会议餐费合计金额，不应超过人均 100元。如有超过上述标准的特殊情况，需获得部门负责人和合规部负责人的审批,请提供,MN030601
MN,3,院内会,6,会议茶歇,2,个人卡支付,根据SOP规定，个人银行卡支付超过300元，需提供付款记录及带有持卡人姓名的个人卡照片或银行对账单,请提供,MN030602
MN,3,院内会,6,会议茶歇,3,现金支付,"“微信零钱”、""支付宝花呗”及“京东白条”支付，系统付款类型应选择“现金”非“个人卡”，需驳回修改",已为您系统驳回，请重新提交完成业务审批流程后@通知审核员,MN030603
MN,4,多学科专家研讨会,1,会议讲课费,1,非讲者库讲者,根据SOP规定，报销讲课费的讲者必须是讲者库中的讲者，且不能在会议结束后特批补入库,不符合要求不予支付讲课费,MN040101
MN,4,多学科专家研讨会,1,会议讲课费,2,业务约定书不完整,根据SOP规定，业务约定书需完整正确的填写，并由HCP签字后将完整原件邮寄至我司,请提供,MN040102
MN,4,多学科专家研讨会,1,会议讲课费,5,讲者未全程参会,根据SOP规定，支付讲课费的专家需全程参会，并签到,请补充提供签到，不符合要求不予支付讲课费,MN040105
MN,4,多学科专家研讨会,1,会议讲课费,6,演讲时长不达标,根据SOP规定，多学科专家研讨会讲者讲课时间（包括手术演示、讨论问答）需≥20分钟,不符合要求不予支付讲课费,MN040106
MN,4,多学科专家研讨会,1,会议讲课费,7,点评时长不达标,根据SOP规定，多学科专家研讨会点评专家点评时长累计需≥10分钟，且必须具体体现在会议日程中,不符合要求不予支付讲课费,MN040107
MN,4,多学科专家研讨会,1,会议讲课费,8,点评专家讲课费标准,根据SOP规定，多学科专家研讨会点评专家的讲课费支付标准为80%*职级标准，但不得超过1000元,将为您扣除差额,MN040108
MN,4,多学科专家研讨会,1,会议讲课费,9,主席参会时长,根据SOP规定，多学科专家研讨会主席原则上应全程参加会议并致辞发言,不符合要求不予支付讲课费,MN040109
MN,4,多学科专家研讨会,1,会议讲课费,10,主席参会时长,根据SOP规定，多学科专家研讨会付费点评专家需提供签字的MDT点评记录,请提供,MN040110
MN,4,多学科专家研讨会,0,通用,1,会议权限_多学科专家研讨会,根据SOP规定，多学科专家研讨会可举办的组织者岗位为市场、医学和大区业务销售经理级以上，您无权限举办此类型会议,请提供逐级审批至部门负责人的授权邮件并抄送合规,MN040001
MN,4,多学科专家研讨会,0,通用,2,会议议程_变更,学会活动变更会议时间、会议地点需提供企业微信变更流程或变更审批邮件,请提供,MN040002
MN,4,多学科专家研讨会,0,通用,3,会议议程_不一致,会议议程内容与系统填报的实际会议情况不一致,请确认并提供更新的会议议程,MN040003
MN,4,多学科专家研讨会,0,通用,4,会议议程_不完整,会议议程需包含会议日期、会议开展时间、会议地点、会议内容、演讲主题和演讲人,请补充提供,MN040004
MN,4,多学科专家研讨会,0,通用,5,会议议程_时长不足,根据SOP规定，多学科专家研讨会会议时长需≥ 半天（2-4H）,请确认,MN040005
MN,4,多学科专家研讨会,0,通用,6,会议地点_禁止景区,根据SOP规定，禁止在景区名胜或铺张奢侈的地点举办或参加会议,不符合要求不予报销,MN040006
MN,4,多学科专家研讨会,0,通用,7,会议地点_禁止场所,根据SOP规定，禁止在水疗会所、温泉、度假、滑雪、高尔夫、赌博、邮轮、洗浴中心、KTV娱乐及以以上为主业的场所举办学术活动或进行业务招待活动,不符合要求不予报销,MN040007
MN,4,多学科专家研讨会,0,通用,8,会议签到_系统人数不一致,系统实际内外部参会人数与签到表不一致,请确认实际内外部参会人数，并解释说明,MN040008
MN,4,多学科专家研讨会,0,通用,9,会议签到_整场未电子签到,根据SOP规定，整场会议未使用电子签到单需提供逐级审批至部门负责人的审批邮件,请提供,MN040009
MN,4,多学科专家研讨会,0,通用,10,会议签到_缺线下签到原件,根据SOP规定，线下签到单原件需邮寄至我司,请将原件邮寄至我司，邮寄后提供快递单号,MN040010
MN,4,多学科专家研讨会,0,通用,11,会议签到_线下签到缺审批,根据SOP规定，线下签到表下方的“负责与会医疗专业人士的内部员工签字（确认以上签字及备注属实）”和“直线经理签字（确认以上签字及代表说明复核公司要求）”需相应负责人签字,将为您寄回线下签到表，请补充签字后原件寄回我司,MN040011
MN,4,多学科专家研讨会,0,通用,12,会议照片_缺水印,根据SOP规定，会议照片需使用水印相机拍摄活动现场照片，并注明活动时间、活动地点、活动主题,请补充提供，如不符合要求将不予报销,MN040012
MN,4,多学科专家研讨会,0,通用,13,会议照片_缺会议主题,根据SOP规定，会议照片需体现并反映会议主题（如PPT标题、横幅、易拉宝等），且照片中的会议主题需清洗,请补充提供，如不符合要求将不予报销,MN040013
MN,4,多学科专家研讨会,0,通用,14,会议照片_缺付费讲者,根据SOP规定，付费讲者需提供正面清晰演讲照片，照片应体现付费讲者和一张会议幻灯稿同框的场景，要求可识别付费讲者并能体现所参加会议,请补充提供，如不符合要求将不予报销,MN040014
MN,4,多学科专家研讨会,0,通用,15,会议照片_水印与议程不一致,根据SOP规定，会议照片水印所反映拍摄时间与会议议程相一致,请补充提供，如不符合要求将不予报销,MN040015
MN,4,多学科专家研讨会,0,通用,16,会议照片_人数标准不符,根据SOP规定，多学科专家研讨会会议照片需显示50%及以上参会人员（内+外）,请补充提供，如不符合要求将不予报销,MN040016
MN,4,多学科专家研讨会,0,通用,17,会议人数_内部人数不符,根据SOP规定，多学科专家研讨会内部参会者不可少于2人（包含会议组织者）,请确认实际内部参会人数,MN040017
MN,4,多学科专家研讨会,0,通用,18,报销范围_时效,根据SOP规定，原则上公司仅承担学术活动会议议程前后24小时内所产生的相关费用，例外事项需提供部门负责人及合规审计总监的共同批准,如需报销请提供特批,MN040018
MN,4,多学科专家研讨会,0,通用,19,报销范围_费用,根据SOP规定，多学科专家研讨会可报销费用有讲课费、餐饮、住宿费、场租和交通费,额外费用不予报销已为您扣除,MN040019
MN,4,多学科专家研讨会,2,会议餐费,1,缺餐厅门头照,根据SOP规定，会议餐费需提供餐厅门头照,请提供,MN040201
MN,4,多学科专家研讨会,2,会议餐费,2,餐费与会议时间不相连,根据SOP规定，会议餐费用餐时间应与会议时间相连，且与正常午餐或晚餐时间相近,请解释说明,MN040202
MN,4,多学科专家研讨会,2,会议餐费,3,会议餐费超人均,根据SOP规定，会议餐费，不应超过人均 300 元。如有超过上述标准的特殊情况，需获得部门负责人的审批,请提供,MN040203
MN,4,多学科专家研讨会,2,会议餐费,4,缺少水单,根据SOP规定，会议餐费≥300元，需提供水单明细,请将水单原件邮寄至我司，并将水单照片或扫描件补充上传至评论区,MN040204
MN,4,多学科专家研讨会,2,会议餐费,5,个人卡支付,根据SOP规定，个人银行卡支付超过300元，需提供付款记录及带有持卡人姓名的个人卡照片或银行对账单,请提供,MN040205
MN,4,多学科专家研讨会,2,会议餐费,6,现金支付,"“微信零钱”、""支付宝花呗”及“京东白条”支付，系统付款类型应选择“现金”非“个人卡”，需驳回修改",已为您系统驳回，请重新提交完成业务审批流程后@通知审核员,MN040206
MN,4,多学科专家研讨会,3,会议交通费,1,HCP飞机标准,根据SOP规定，HCP乘坐飞机，需选择经济舱，单程飞行时间超出8小时可提供商务舱。高于上述标准的交通需事前经业务部负责人、合规审计部负责人及 CEO书面批准。,请提供,MN040301
MN,4,多学科专家研讨会,4,会议租车费,1,会议租车明细,根据SOP规定，租车费用，提供详细行程单，包含：日期、接送人具体时间、客人姓名/电话、行程起点详细地址、送达详细地址、车型、金额等信息,请补充提供,MN040401
MN,4,多学科专家研讨会,4,会议租车费,2,个人卡支付,根据SOP规定，个人银行卡支付超过300元，需提供付款记录及带有持卡人姓名的个人卡照片或银行对账单,请提供,MN040402
MN,4,多学科专家研讨会,4,会议租车费,3,现金支付,"“微信零钱”、""支付宝花呗”及“京东白条”支付，系统付款类型应选择“现金”非“个人卡”，需驳回修改",已为您系统驳回，请重新提交完成业务审批流程后@通知审核员,MN040403
MN,4,多学科专家研讨会,5,会议火车票,1,HCP火车标准,根据SOP规定，HCP火车出行不得提供商务舱坐席，高于上述标准的交通需事前经业务部负责人、合规审计部负责人及 CEO书面批准。,请提供,MN040501
MN,4,多学科专家研讨会,6,会议茶歇,1,无会议的茶歇,根据SOP规定，会议茶歇不得独立于会议之外提供,请解释说明,MN040601
MN,4,多学科专家研讨会,6,会议茶歇,2,超市、商场或水果市场购买费用,根据SOP规定，超市、商场或水果市场购买的费用，需要提供明细,请提供,MN040602
MN,4,多学科专家研讨会,6,会议茶歇,3,个人卡支付,根据SOP规定，个人银行卡支付超过300元，需提供付款记录及带有持卡人姓名的个人卡照片或银行对账单,请提供,MN040603
MN,4,多学科专家研讨会,6,会议茶歇,4,现金支付,"“微信零钱”、""支付宝花呗”及“京东白条”支付，系统付款类型应选择“现金”非“个人卡”，需驳回修改",已为您系统驳回，请重新提交完成业务审批流程后@通知审核员,MN040604
MN,4,多学科专家研讨会,7,会议场租,1,个人卡支付,根据SOP规定，个人银行卡支付超过300元，需提供付款记录及带有持卡人姓名的个人卡照片或银行对账单,请提供,MN040701
MN,4,多学科专家研讨会,7,会议场租,2,现金支付,"“微信零钱”、""支付宝花呗”及“京东白条”支付，系统付款类型应选择“现金”非“个人卡”，需驳回修改",已为您系统驳回，请重新提交完成业务审批流程后@通知审核员,MN040702
MN,4,多学科专家研讨会,8,会议个人车辆,1,个人卡支付,根据SOP规定，个人银行卡支付超过300元，需提供付款记录及带有持卡人姓名的个人卡照片或银行对账单,请提供,MN040801
MN,4,多学科专家研讨会,8,会议个人车辆,2,现金支付,"“微信零钱”、""支付宝花呗”及“京东白条”支付，系统付款类型应选择“现金”非“个人卡”，需驳回修改",已为您系统驳回，请重新提交完成业务审批流程后@通知审核员,MN040802
MN,4,多学科专家研讨会,9,会议推广材料制作,1,个人卡支付,根据SOP规定，个人银行卡支付超过300元，需提供付款记录及带有持卡人姓名的个人卡照片或银行对账单,请提供,MN040901
MN,4,多学科专家研讨会,9,会议推广材料制作,2,现金支付,"“微信零钱”、""支付宝花呗”及“京东白条”支付，系统付款类型应选择“现金”非“个人卡”，需驳回修改",已为您系统驳回，请重新提交完成业务审批流程后@通知审核员,MN040902
MN,4,多学科专家研讨会,10,会议住宿费,1,HCP住宿标准,根据SOP规定，提供HCP的住宿费北上广深不得超过1000元/人/晚，其他城市不超过750元/人/晚，海外城市不超过2000元/人/晚，高于上述标准的住宿费需事前获得业务部负责人和合规审计部负责人的书面批准,请提供,MN041001
MN,4,多学科专家研讨会,10,会议住宿费,2,个人卡支付,根据SOP规定，个人银行卡支付超过300元，需提供付款记录及带有持卡人姓名的个人卡照片或银行对账单,请提供,MN041002
MN,4,多学科专家研讨会,10,会议住宿费,3,现金支付,"“微信零钱”、""支付宝花呗”及“京东白条”支付，系统付款类型应选择“现金”非“个人卡”，需驳回修改",已为您系统驳回，请重新提交完成业务审批流程后@通知审核员,MN041003
MN,4,多学科专家研讨会,11,会议杂项开支,1,个人卡支付,根据SOP规定，个人银行卡支付超过300元，需提供付款记录及带有持卡人姓名的个人卡照片或银行对账单,请提供,MN041101
MN,4,多学科专家研讨会,11,会议杂项开支,2,现金支付,"“微信零钱”、""支付宝花呗”及“京东白条”支付，系统付款类型应选择“现金”非“个人卡”，需驳回修改",已为您系统驳回，请重新提交完成业务审批流程后@通知审核员,MN041102
MN,5,三方会-支持,2,会议餐费,1,缺餐厅门头照,根据SOP规定，会议餐费需提供餐厅门头照,请提供,MN050201
MN,5,三方会-支持,2,会议餐费,2,餐费与会议时间不相连,根据SOP规定，会议餐费用餐时间应与会议时间相连，且与正常午餐或晚餐时间相近,请解释说明,MN050202
MN,5,三方会-支持,2,会议餐费,3,会议餐费超人均,根据SOP规定，会议餐费，不应超过人均 300 元。如有超过上述标准的特殊情况，需获得部门负责人的审批,请提供,MN050203
MN,5,三方会-支持,2,会议餐费,4,缺少水单,根据SOP规定，会议餐费≥300元，需提供水单明细,请将水单原件邮寄至我司，并将水单照片或扫描件补充上传至评论区,MN050204
MN,5,三方会-支持,2,会议餐费,5,个人卡支付,根据SOP规定，个人银行卡支付超过300元，需提供付款记录及带有持卡人姓名的个人卡照片或银行对账单,请提供,MN050205
MN,5,三方会-支持,2,会议餐费,6,现金支付,"“微信零钱”、""支付宝花呗”及“京东白条”支付，系统付款类型应选择“现金”非“个人卡”，需驳回修改",已为您系统驳回，请重新提交完成业务审批流程后@通知审核员,MN050206
MN,5,三方会-支持,0,通用,1,会议权限_学术论坛,根据SOP规定，三方会-支持可举办的组织者岗位为地区业务销售经理及以上、市场和医学，您无权限举办此类型会议,请提供逐级审批至部门负责人的授权邮件并抄送合规,MN050001
MN,5,三方会-支持,0,通用,2,会议议程_变更,学会活动变更会议时间、会议地点需提供企业微信变更流程或变更审批邮件,请提供,MN050002
MN,5,三方会-支持,0,通用,3,会议议程_不一致,会议议程内容与系统填报的实际会议情况不一致,请确认并提供更新的会议议程,MN050003
MN,5,三方会-支持,0,通用,4,会议议程_不完整,会议议程需包含会议日期、会议开展时间、会议地点、会议内容、演讲主题和演讲人,请补充提供,MN050004
MN,5,三方会-支持,0,通用,5,会议签到_系统人数不一致,系统实际内外部参会人数与签到表不一致,请确认实际内外部参会人数，并解释说明,MN050005
MN,5,三方会-支持,0,通用,6,会议签到_第三方大会签到,根据SOP规定，所支持HCP签到为第三方大会签到，需提供大会邀请确认函,请提供,MN050006
MN,5,三方会-支持,0,通用,7,会议签到_缺线下签到原件,根据SOP规定，非第三方大会的线下签到单原件需邮寄至我司,请将原件邮寄至我司，邮寄后提供快递单号,MN050007
MN,5,三方会-支持,0,通用,8,会议签到_线下签到缺审批,根据SOP规定，线下签到表下方的“负责与会医疗专业人士的内部员工签字（确认以上签字及备注属实）”和“直线经理签字（确认以上签字及代表说明复核公司要求）”需相应负责人签字,将为您寄回线下签到表，请补充签字后原件寄回我司,MN050008
MN,5,三方会-支持,0,通用,9,会议照片_缺水印,根据SOP规定，会议照片需使用水印相机拍摄活动现场照片，并注明活动时间、活动地点、活动主题,请补充提供，如不符合要求将不予报销,MN050009
MN,5,三方会-支持,0,通用,10,会议照片_缺会议主题,根据SOP规定，会议照片需体现并反映会议主题（如PPT标题、横幅、易拉宝等），且照片中的会议主题需清洗,请补充提供，如不符合要求将不予报销,MN050010
MN,5,三方会-支持,0,通用,11,会议照片_缺支持HCP,根据SOP规定，会议照片应显示所支持HCP,请补充提供，如不符合要求将不予报销,MN050011
MN,5,三方会-支持,0,通用,12,会议照片_水印与议程不一致,根据SOP规定，会议照片水印所反映拍摄时间与会议议程相一致,请补充提供，如不符合要求将不予报销,MN050012
MN,5,三方会-支持,0,通用,13,会议人数_内部人数不符,根据SOP规定，三方会-支持内部参会者不可少于1人（包含会议组织者）,请确认实际内部参会人数,MN050013
MN,5,三方会-支持,0,通用,14,报销范围_时效,根据SOP规定，原则上公司仅承担学术活动会议议程前后24小时内所产生的相关费用，例外事项需提供部门负责人及合规审计总监的共同批准,如需报销请提供特批,MN050014
MN,5,三方会-支持,0,通用,15,报销范围_费用,根据SOP规定，学术论坛可报销费用有餐饮、住宿费和交通费,额外费用不予报销已为您扣除,MN050015
MN,5,三方会-支持,3,会议交通费,1,HCP飞机标准,根据SOP规定，HCP乘坐飞机，需选择经济舱，单程飞行时间超出8小时可提供商务舱。高于上述标准的交通需事前经业务部负责人、合规审计部负责人及 CEO书面批准。,请提供,MN050301
MN,5,三方会-支持,4,会议租车费,1,会议租车明细,根据SOP规定，租车费用，提供详细行程单，包含：日期、接送人具体时间、客人姓名/电话、行程起点详细地址、送达详细地址、车型、金额等信息,请补充提供,MN050401
MN,5,三方会-支持,4,会议租车费,2,个人卡支付,根据SOP规定，个人银行卡支付超过300元，需提供付款记录及带有持卡人姓名的个人卡照片或银行对账单,请提供,MN050402
MN,5,三方会-支持,4,会议租车费,3,现金支付,"“微信零钱”、""支付宝花呗”及“京东白条”支付，系统付款类型应选择“现金”非“个人卡”，需驳回修改",已为您系统驳回，请重新提交完成业务审批流程后@通知审核员,MN050403
MN,5,三方会-支持,5,会议火车票,1,HCP火车标准,根据SOP规定，HCP火车出行不得提供商务舱坐席，高于上述标准的交通需事前经业务部负责人、合规审计部负责人及 CEO书面批准。,请提供,MN050501
MN,5,三方会-支持,6,会议茶歇,1,无会议的茶歇,根据SOP规定，会议茶歇不得独立于会议之外提供,请解释说明,MN050601
MN,5,三方会-支持,6,会议茶歇,2,超市、商场或水果市场购买费用,根据SOP规定，超市、商场或水果市场购买的费用，需要提供明细,请提供,MN050602
MN,5,三方会-支持,6,会议茶歇,3,个人卡支付,根据SOP规定，个人银行卡支付超过300元，需提供付款记录及带有持卡人姓名的个人卡照片或银行对账单,请提供,MN050603
MN,5,三方会-支持,6,会议茶歇,4,现金支付,"“微信零钱”、""支付宝花呗”及“京东白条”支付，系统付款类型应选择“现金”非“个人卡”，需驳回修改",已为您系统驳回，请重新提交完成业务审批流程后@通知审核员,MN050604
MN,5,三方会-支持,7,会议场租,1,个人卡支付,根据SOP规定，个人银行卡支付超过300元，需提供付款记录及带有持卡人姓名的个人卡照片或银行对账单,请提供,MN050701
MN,5,三方会-支持,7,会议场租,2,现金支付,"“微信零钱”、""支付宝花呗”及“京东白条”支付，系统付款类型应选择“现金”非“个人卡”，需驳回修改",已为您系统驳回，请重新提交完成业务审批流程后@通知审核员,MN050702
MN,5,三方会-支持,8,会议个人车辆,1,个人卡支付,根据SOP规定，个人银行卡支付超过300元，需提供付款记录及带有持卡人姓名的个人卡照片或银行对账单,请提供,MN050801
MN,5,三方会-支持,8,会议个人车辆,2,现金支付,"“微信零钱”、""支付宝花呗”及“京东白条”支付，系统付款类型应选择“现金”非“个人卡”，需驳回修改",已为您系统驳回，请重新提交完成业务审批流程后@通知审核员,MN050802
MN,5,三方会-支持,9,会议推广材料制作,1,个人卡支付,根据SOP规定，个人银行卡支付超过300元，需提供付款记录及带有持卡人姓名的个人卡照片或银行对账单,请提供,MN050901
MN,5,三方会-支持,9,会议推广材料制作,2,现金支付,"“微信零钱”、""支付宝花呗”及“京东白条”支付，系统付款类型应选择“现金”非“个人卡”，需驳回修改",已为您系统驳回，请重新提交完成业务审批流程后@通知审核员,MN050902
MN,5,三方会-支持,10,会议住宿费,1,HCP住宿标准,根据SOP规定，提供HCP的住宿费北上广深不得超过1000元/人/晚，其他城市不超过750元/人/晚，海外城市不超过2000元/人/晚，高于上述标准的住宿费需事前获得业务部负责人和合规审计部负责人的书面批准,请提供,MN051001
MN,5,三方会-支持,10,会议住宿费,2,个人卡支付,根据SOP规定，个人银行卡支付超过300元，需提供付款记录及带有持卡人姓名的个人卡照片或银行对账单,请提供,MN051002
MN,5,三方会-支持,10,会议住宿费,3,现金支付,"“微信零钱”、""支付宝花呗”及“京东白条”支付，系统付款类型应选择“现金”非“个人卡”，需驳回修改",已为您系统驳回，请重新提交完成业务审批流程后@通知审核员,MN051003
MN,5,三方会-支持,11,会议杂项开支,1,个人卡支付,根据SOP规定，个人银行卡支付超过300元，需提供付款记录及带有持卡人姓名的个人卡照片或银行对账单,请提供,MN051101
MN,5,三方会-支持,11,会议杂项开支,2,现金支付,"“微信零钱”、""支付宝花呗”及“京东白条”支付，系统付款类型应选择“现金”非“个人卡”，需驳回修改",已为您系统驳回，请重新提交完成业务审批流程后@通知审核员,MN051102
MN,6,培训会,1,会议讲课费,1,非讲者库讲者,根据SOP规定，报销讲课费的讲者必须是讲者库中的讲者，且不能在会议结束后特批补入库,不符合要求不予支付讲课费,MN060101
MN,6,培训会,1,会议讲课费,2,业务约定书不完整,根据SOP规定，业务约定书需完整正确的填写，并由HCP签字后将完整原件邮寄至我司,请提供,MN060102
MN,6,培训会,1,会议讲课费,3,讲者人数超标,根据SOP规定，培训会讲者人数与参会人数比例比低于1:5,请确认，并告知需扣除讲课费的HCP姓名,MN060103
MN,6,培训会,1,会议讲课费,5,讲者未全程参会,根据SOP规定，支付讲课费的专家需全程参会，并签到,请补充提供签到，不符合要求不予支付讲课费,MN060105
MN,6,培训会,1,会议讲课费,6,演讲时长不达标,根据SOP规定，培训会若采取老师授课形式，则演讲时间不少于20分钟,不符合要求不予支付讲课费,MN060106
MN,6,培训会,1,会议讲课费,7,点评时长不达标,根据SOP规定，培训会若采取点评、指导或辅导形式，老师累计点评时间不得少于10分钟,不符合要求不予支付讲课费,MN060107
MN,6,培训会,1,会议讲课费,8,讲课费标准,根据SOP规定，培训会若采取点评、指导或辅导形式，讲课费支付标准为80%*职级标准,将为您扣除差额,MN060108
MN,6,培训会,1,会议讲课费,9,讲者级别,根据SOP规定，培训会点评专家限全国级和区域级HCP,不符合要求不予支付讲课费,MN060109
MN,6,培训会,0,通用,1,会议权限_学术论坛,根据SOP规定，培训会可举办的组织者岗位为市场部经理及以上级别和大区业务销售经理及以上，您无权限举办此类型会议,请提供逐级审批至部门负责人的授权邮件并抄送合规,MN060001
MN,6,培训会,0,通用,2,会议议程_变更,学会活动变更会议时间、会议地点需提供企业微信变更流程或变更审批邮件,请提供,MN060002
MN,6,培训会,0,通用,3,会议议程_不一致,会议议程内容与系统填报的实际会议情况不一致,请确认并提供更新的会议议程,MN060003
MN,6,培训会,0,通用,4,会议议程_不完整,会议议程需包含会议日期、会议开展时间、会议地点、会议内容、演讲主题和演讲人,请补充提供,MN060004
MN,6,培训会,0,通用,5,会议议程_时长不足,根据SOP规定，培训会会议时长需≥ 半天（2-4H）,请确认,MN060005
MN,6,培训会,0,通用,6,会议地点_禁止景区,根据SOP规定，禁止在景区名胜或铺张奢侈的地点举办或参加会议,不符合要求不予报销,MN060006
MN,6,培训会,0,通用,7,会议地点_禁止场所,根据SOP规定，禁止在水疗会所、温泉、度假、滑雪、高尔夫、赌博、邮轮、洗浴中心、KTV娱乐及以以上为主业的场所举办学术活动或进行业务招待活动,不符合要求不予报销,MN060007
MN,6,培训会,0,通用,8,会议签到_系统人数不一致,系统实际内外部参会人数与签到表不一致,请确认实际内外部参会人数，并解释说明,MN060008
MN,6,培训会,0,通用,9,会议签到_整场未电子签到,根据SOP规定，整场会议未使用电子签到单需提供逐级审批至部门负责人的审批邮件,请提供,MN060009
MN,6,培训会,0,通用,10,会议签到_缺线下签到原件,根据SOP规定，线下签到单原件需邮寄至我司,请将原件邮寄至我司，邮寄后提供快递单号,MN060010
MN,6,培训会,0,通用,11,会议签到_线下签到缺审批,根据SOP规定，线下签到表下方的“负责与会医疗专业人士的内部员工签字（确认以上签字及备注属实）”和“直线经理签字（确认以上签字及代表说明复核公司要求）”需相应负责人签字,将为您寄回线下签到表，请补充签字后原件寄回我司,MN060011
MN,6,培训会,0,通用,12,会议照片_缺水印,根据SOP规定，会议照片需使用水印相机拍摄活动现场照片，并注明活动时间、活动地点、活动主题,请补充提供，如不符合要求将不予报销,MN060012
MN,6,培训会,0,通用,13,会议照片_缺会议主题,根据SOP规定，会议照片需体现并反映会议主题（如PPT标题、横幅、易拉宝等），且照片中的会议主题需清洗,请补充提供，如不符合要求将不予报销,MN060013
MN,6,培训会,0,通用,14,会议照片_缺付费讲者,根据SOP规定，付费讲者需提供正面清晰演讲照片，照片应体现付费讲者和一张会议幻灯稿同框的场景，要求可识别付费讲者并能体现所参加会议,请补充提供，如不符合要求将不予报销,MN060014
MN,6,培训会,0,通用,15,会议照片_水印与议程不一致,根据SOP规定，会议照片水印所反映拍摄时间与会议议程相一致,请补充提供，如不符合要求将不予报销,MN060015
MN,6,培训会,0,通用,16,会议照片_人数标准不符,根据SOP规定，培训会会议照片需显示50%及以上参会人员（内+外）,请补充提供，如不符合要求将不予报销,MN060016
MN,6,培训会,0,通用,17,会议人数_内部人数不符,根据SOP规定，培训会内部参与培训人员不得低于5人,请确认实际内部参会人数,MN060017
MN,6,培训会,0,通用,18,报销范围_时效,根据SOP规定，原则上公司仅承担学术活动会议议程前后24小时内所产生的相关费用，例外事项需提供部门负责人及合规审计总监的共同批准,如需报销请提供特批,MN060018
MN,6,培训会,0,通用,19,报销范围_费用,根据SOP规定，培训会可报销费用有讲课费、餐饮、住宿费、场租和交通费,额外费用不予报销已为您扣除,MN060019
MN,6,培训会,2,会议餐费,1,缺餐厅门头照,根据SOP规定，会议餐费需提供餐厅门头照,请提供,MN060201
MN,6,培训会,2,会议餐费,2,餐费与会议时间不相连,根据SOP规定，会议餐费用餐时间应与会议时间相连，且与正常午餐或晚餐时间相近,请解释说明,MN060202
MN,6,培训会,2,会议餐费,3,会议餐费超人均,根据SOP规定，会议餐费，不应超过人均 300 元。如有超过上述标准的特殊情况，需获得部门负责人的审批,请提供,MN060203
MN,6,培训会,2,会议餐费,4,缺少水单,根据SOP规定，会议餐费≥300元，需提供水单明细,请将水单原件邮寄至我司，并将水单照片或扫描件补充上传至评论区,MN060204
MN,6,培训会,2,会议餐费,5,个人卡支付,根据SOP规定，个人银行卡支付超过300元，需提供付款记录及带有持卡人姓名的个人卡照片或银行对账单,请提供,MN060205
MN,6,培训会,2,会议餐费,6,现金支付,"“微信零钱”、""支付宝花呗”及“京东白条”支付，系统付款类型应选择“现金”非“个人卡”，需驳回修改",已为您系统驳回，请重新提交完成业务审批流程后@通知审核员,MN060206
MN,6,培训会,3,会议交通费,1,HCP飞机标准,根据SOP规定，HCP乘坐飞机，需选择经济舱，单程飞行时间超出8小时可提供商务舱。高于上述标准的交通需事前经业务部负责人、合规审计部负责人及 CEO书面批准。,请提供,MN060301
MN,6,培训会,4,会议租车费,1,会议租车明细,根据SOP规定，租车费用，提供详细行程单，包含：日期、接送人具体时间、客人姓名/电话、行程起点详细地址、送达详细地址、车型、金额等信息,请补充提供,MN060401
MN,6,培训会,4,会议租车费,2,个人卡支付,根据SOP规定，个人银行卡支付超过300元，需提供付款记录及带有持卡人姓名的个人卡照片或银行对账单,请提供,MN060402
MN,6,培训会,4,会议租车费,3,现金支付,"“微信零钱”、""支付宝花呗”及“京东白条”支付，系统付款类型应选择“现金”非“个人卡”，需驳回修改",已为您系统驳回，请重新提交完成业务审批流程后@通知审核员,MN060403
MN,6,培训会,5,会议火车票,1,HCP火车标准,根据SOP规定，HCP火车出行不得提供商务舱坐席，高于上述标准的交通需事前经业务部负责人、合规审计部负责人及 CEO书面批准。,请提供,MN060501
MN,6,培训会,6,会议茶歇,1,无会议的茶歇,根据SOP规定，会议茶歇不得独立于会议之外提供,请解释说明,MN060601
MN,6,培训会,6,会议茶歇,2,超市、商场或水果市场购买费用,根据SOP规定，超市、商场或水果市场购买的费用，需要提供明细,请提供,MN060602
MN,6,培训会,6,会议茶歇,3,个人卡支付,根据SOP规定，个人银行卡支付超过300元，需提供付款记录及带有持卡人姓名的个人卡照片或银行对账单,请提供,MN060603
MN,6,培训会,6,会议茶歇,4,现金支付,"“微信零钱”、""支付宝花呗”及“京东白条”支付，系统付款类型应选择“现金”非“个人卡”，需驳回修改",已为您系统驳回，请重新提交完成业务审批流程后@通知审核员,MN060604
MN,6,培训会,7,会议场租,1,个人卡支付,根据SOP规定，个人银行卡支付超过300元，需提供付款记录及带有持卡人姓名的个人卡照片或银行对账单,请提供,MN060701
MN,6,培训会,7,会议场租,2,现金支付,"“微信零钱”、""支付宝花呗”及“京东白条”支付，系统付款类型应选择“现金”非“个人卡”，需驳回修改",已为您系统驳回，请重新提交完成业务审批流程后@通知审核员,MN060702
MN,6,培训会,8,会议个人车辆,1,个人卡支付,根据SOP规定，个人银行卡支付超过300元，需提供付款记录及带有持卡人姓名的个人卡照片或银行对账单,请提供,MN060801
MN,6,培训会,8,会议个人车辆,2,现金支付,"“微信零钱”、""支付宝花呗”及“京东白条”支付，系统付款类型应选择“现金”非“个人卡”，需驳回修改",已为您系统驳回，请重新提交完成业务审批流程后@通知审核员,MN060802
MN,6,培训会,10,会议住宿费,1,HCP住宿标准,根据SOP规定，提供HCP的住宿费北上广深不得超过1000元/人/晚，其他城市不超过750元/人/晚，海外城市不超过2000元/人/晚，高于上述标准的住宿费需事前获得业务部负责人和合规审计部负责人的书面批准,请提供,MN061001
MN,6,培训会,10,会议住宿费,2,个人卡支付,根据SOP规定，个人银行卡支付超过300元，需提供付款记录及带有持卡人姓名的个人卡照片或银行对账单,请提供,MN061002
MN,6,培训会,10,会议住宿费,3,现金支付,"“微信零钱”、""支付宝花呗”及“京东白条”支付，系统付款类型应选择“现金”非“个人卡”，需驳回修改",已为您系统驳回，请重新提交完成业务审批流程后@通知审核员,MN061003
MN,6,培训会,11,会议杂项开支,1,个人卡支付,根据SOP规定，个人银行卡支付超过300元，需提供付款记录及带有持卡人姓名的个人卡照片或银行对账单,请提供,MN061101
MN,6,培训会,11,会议杂项开支,2,现金支付,"“微信零钱”、""支付宝花呗”及“京东白条”支付，系统付款类型应选择“现金”非“个人卡”，需驳回修改",已为您系统驳回，请重新提交完成业务审批流程后@通知审核员,MN061102
MN,7,临床研究-临床试验启动会,2,会议餐费,1,缺餐厅门头照,根据SOP规定，会议餐费需提供餐厅门头照,请提供,MN070201
MN,7,临床研究-临床试验启动会,2,会议餐费,2,餐费与会议时间不相连,根据SOP规定，会议餐费用餐时间应与会议时间相连，且为工作餐或小食性质,请解释说明,MN070202
MN,7,临床研究-临床试验启动会,2,会议餐费,3,会议餐费超人均,根据SOP规定，会议餐费，不应超过人均200 元。如有超过上述标准的特殊情况，需获得部门负责人的审批,请提供,MN070203
MN,7,临床研究-临床试验启动会,2,会议餐费,4,缺少水单,根据SOP规定，会议餐费≥300元，需提供水单明细,请将水单原件邮寄至我司，并将水单照片或扫描件补充上传至评论区,MN070204
MN,7,临床研究-临床试验启动会,2,会议餐费,5,个人卡支付,根据SOP规定，个人银行卡支付超过300元，需提供付款记录及带有持卡人姓名的个人卡照片或银行对账单,请提供,MN070205
MN,7,临床研究-临床试验启动会,2,会议餐费,6,现金支付,"“微信零钱”、""支付宝花呗”及“京东白条”支付，系统付款类型应选择“现金”非“个人卡”，需驳回修改",已为您系统驳回，请重新提交完成业务审批流程后@通知审核员,MN070206
MN,7,临床研究-临床试验启动会,0,通用,1,会议权限_学术论坛,根据SOP规定，临床研究-临床研究启动会可举办的组织者岗位为临床研究专员、医学副经理及以上人员，您无权限举办此类型会议,请提供逐级审批至部门负责人的授权邮件并抄送合规,MN070001
MN,7,临床研究-临床试验启动会,0,通用,2,会议议程_变更,学会活动变更会议时间、会议地点需提供企业微信变更流程或变更审批邮件,请提供,MN070002
MN,7,临床研究-临床试验启动会,0,通用,3,会议议程_不一致,会议议程内容与系统填报的实际会议情况不一致,请确认并提供更新的会议议程,MN070003
MN,7,临床研究-临床试验启动会,0,通用,4,会议议程_不完整,会议议程需包含会议日期、会议开展时间、会议地点、会议内容、演讲主题和演讲人,请补充提供,MN070004
MN,7,临床研究-临床试验启动会,0,通用,5,会议议程_时长不足,根据SOP规定，临床研究-临床研究启动会会议时长不超过1天,请确认,MN070005
MN,7,临床研究-临床试验启动会,0,通用,6,会议地点_不得跨区,根据SOP规定，会议地点仅限于研究中心内相关会议场所,请提供,MN070006
MN,7,临床研究-临床试验启动会,0,通用,7,会议地点_禁止景区,根据SOP规定，禁止在景区名胜或铺张奢侈的地点举办或参加会议,不符合要求不予报销,MN070007
MN,7,临床研究-临床试验启动会,0,通用,8,会议地点_禁止场所,根据SOP规定，禁止在水疗会所、温泉、度假、滑雪、高尔夫、赌博、邮轮、洗浴中心、KTV娱乐及以以上为主业的场所举办学术活动或进行业务招待活动,不符合要求不予报销,MN070008
MN,7,临床研究-临床试验启动会,0,通用,9,会议签到_系统人数不一致,系统实际内外部参会人数与签到表不一致,请确认实际内外部参会人数，并解释说明,MN070009
MN,7,临床研究-临床试验启动会,0,通用,10,会议签到_整场未电子签到,根据SOP规定，整场会议未使用电子签到单需提供逐级审批至部门负责人的审批邮件,请提供,MN070010
MN,7,临床研究-临床试验启动会,0,通用,11,会议签到_缺线下签到原件,根据SOP规定，线下签到单原件需邮寄至我司,请将原件邮寄至我司，邮寄后提供快递单号，如有特殊情况请告知,MN070011
MN,7,临床研究-临床试验启动会,0,通用,12,会议签到_线下签到缺审批,根据SOP规定，线下签到表下方的“负责与会医疗专业人士的内部员工签字（确认以上签字及备注属实）”和“直线经理签字（确认以上签字及代表说明复核公司要求）”需相应负责人签字,将为您寄回线下签到表，请补充签字后原件寄回我司,MN070012
MN,7,临床研究-临床试验启动会,0,通用,13,会议人数_内部人数不符,根据SOP规定，临床研究-临床研究启动会内部参会者不可少于2人（包含会议组织者），内外比例不超过1:5,请确认实际内部参会人数,MN070013
MN,7,临床研究-临床试验启动会,0,通用,14,会议人数_外部人数不符,根据SOP规定，临床研究-临床研究启动会外部参会者可为合作研究中心研究者、研究护士及参与研究等相关人员，人数不限，但内外比例不超过1:5,请确认实际外部参会人,MN070014
MN,7,临床研究-临床试验启动会,0,通用,15,报销范围_时效,根据SOP规定，原则上公司仅承担学术活动会议议程前后24小时内所产生的相关费用，例外事项需提供部门负责人及合规审计总监的共同批准,如需报销请提供特批,MN070015
MN,7,临床研究-临床试验启动会,0,通用,16,报销范围_费用,根据SOP规定，临床研究-临床研究启动会可报销费用为餐费,额外费用不予报销已为您扣除,MN070016
MN,7,临床研究-临床试验启动会,6,会议茶歇,1,无会议的茶歇,根据SOP规定，会议茶歇不得独立于会议之外提供,请解释说明,MN070601
MN,7,临床研究-临床试验启动会,6,会议茶歇,2,超市、商场或水果市场购买费用,根据SOP规定，超市、商场或水果市场购买的费用，需要提供明细,请提供,MN070602
MN,7,临床研究-临床试验启动会,6,会议茶歇,3,个人卡支付,根据SOP规定，个人银行卡支付超过300元，需提供付款记录及带有持卡人姓名的个人卡照片或银行对账单,请提供,MN070603
MN,7,临床研究-临床试验启动会,6,会议茶歇,4,现金支付,"“微信零钱”、""支付宝花呗”及“京东白条”支付，系统付款类型应选择“现金”非“个人卡”，需驳回修改",已为您系统驳回，请重新提交完成业务审批流程后@通知审核员,MN070604
MN,7,临床研究-临床试验启动会,9,会议推广材料制作,1,个人卡支付,根据SOP规定，个人银行卡支付超过300元，需提供付款记录及带有持卡人姓名的个人卡照片或银行对账单,请提供,MN070901
MN,7,临床研究-临床试验启动会,9,会议推广材料制作,2,现金支付,"“微信零钱”、""支付宝花呗”及“京东白条”支付，系统付款类型应选择“现金”非“个人卡”，需驳回修改",已为您系统驳回，请重新提交完成业务审批流程后@通知审核员,MN070902
MN,7,临床研究-临床试验启动会,11,会议杂项开支,1,个人卡支付,根据SOP规定，个人银行卡支付超过300元，需提供付款记录及带有持卡人姓名的个人卡照片或银行对账单,请提供,MN071101
MN,7,临床研究-临床试验启动会,11,会议杂项开支,2,现金支付,"“微信零钱”、""支付宝花呗”及“京东白条”支付，系统付款类型应选择“现金”非“个人卡”，需驳回修改",已为您系统驳回，请重新提交完成业务审批流程后@通知审核员,MN071102
MN,8,专家咨询会,12,专家咨询费,1,非讲者库讲者,根据SOP规定，报销咨询费的讲者必须是讲者库中的讲者，且不能在会议结束后特批补入库,不符合要求不予支付讲课费,MN081201
MN,8,专家咨询会,12,专家咨询费,2,业务约定书不完整,根据SOP规定，咨询服务协议需完整正确的填写，并由HCP签字后将完整原件邮寄至我司,请提供,MN081202
MN,8,专家咨询会,12,专家咨询费,3,讲者人数超标,根据SOP规定，支付咨询费的人数不应超过2人,请确认，并告知需扣除讲课费的HCP姓名,MN081203
MN,8,专家咨询会,12,专家咨询费,6,演讲时长不达标,根据SOP规定，专家咨询会每名专家咨询时长需≥30分钟，且至少讨论6个问题,不符合要求不予支付讲课费,MN081206
MN,8,专家咨询会,12,专家咨询费,10,专家咨询记录,根据SOP规定，专家咨询会需提供专家签字紫安琪的咨询记录,请提供,MN081210
MN,8,专家咨询会,0,通用,1,会议权限_学术论坛,根据SOP规定，专家咨询会可举办的组织者岗位为临床运营部门副经理及以上人员、临床研究专员、医学副经理及以上人员、临床科学经理及以上人员，您无权限举办此类型会议,请提供逐级审批至部门负责人的授权邮件并抄送合规,MN080001
MN,8,专家咨询会,0,通用,2,会议议程_变更,学会活动变更会议时间、会议地点需提供企业微信变更流程或变更审批邮件,请提供,MN080002
MN,8,专家咨询会,0,通用,3,会议议程_不一致,会议议程内容与系统填报的实际会议情况不一致,请确认并提供更新的会议议程,MN080003
MN,8,专家咨询会,0,通用,4,会议议程_不完整,会议议程需包含会议日期、会议开展时间、会议地点、会议内容、演讲主题和演讲人,请补充提供,MN080004
MN,8,专家咨询会,0,通用,5,会议议程_时长不足,根据SOP规定，专家咨询会会议时长需≥ 30分钟且至少讨论6个问题,请确认,MN080005
MN,8,专家咨询会,0,通用,6,会议地点_不得跨区,根据SOP规定，会议地点仅限于研究中心内相关会议场所,请提供,MN080006
MN,8,专家咨询会,0,通用,7,会议地点_禁止景区,根据SOP规定，禁止在景区名胜或铺张奢侈的地点举办或参加会议,不符合要求不予报销,MN080007
MN,8,专家咨询会,0,通用,8,会议地点_禁止场所,根据SOP规定，禁止在水疗会所、温泉、度假、滑雪、高尔夫、赌博、邮轮、洗浴中心、KTV娱乐及以以上为主业的场所举办学术活动或进行业务招待活动,不符合要求不予报销,MN080008
MN,8,专家咨询会,0,通用,9,会议签到_系统人数不一致,系统实际内外部参会人数与签到表不一致,请确认实际内外部参会人数，并解释说明,MN080009
MN,8,专家咨询会,0,通用,10,会议签到_整场未电子签到,根据SOP规定，整场会议未使用电子签到单需提供逐级审批至部门负责人的审批邮件,请提供,MN080010
MN,8,专家咨询会,0,通用,11,会议签到_缺线下签到原件,根据SOP规定，线下签到单原件需邮寄至我司,请将原件邮寄至我司，邮寄后提供快递单号,MN080011
MN,8,专家咨询会,0,通用,12,会议签到_线下签到缺审批,根据SOP规定，线下签到表下方的“负责与会医疗专业人士的内部员工签字（确认以上签字及备注属实）”和“直线经理签字（确认以上签字及代表说明复核公司要求）”需相应负责人签字,将为您寄回线下签到表，请补充签字后原件寄回我司,MN080012
MN,8,专家咨询会,0,通用,13,会议照片_缺水印,根据SOP规定，会议照片需使用水印相机拍摄活动现场照片，并注明活动时间、活动地点、活动主题,请补充提供，如不符合要求将不予报销,MN080013
MN,8,专家咨询会,0,通用,14,会议照片_缺会议主题,根据SOP规定，专家咨询会不少于3张现场照片，要求能够体现出内外部参会者及咨询主题,请补充提供，如不符合要求将不予报销,MN080014
MN,8,专家咨询会,0,通用,15,会议照片_缺付费讲者,根据SOP规定，专家咨询会不少于3张现场照片，要求能够体现出内外部参会者及咨询主题,请补充提供，如不符合要求将不予报销,MN080015
MN,8,专家咨询会,0,通用,16,会议照片_水印与议程不一致,根据SOP规定，会议照片水印所反映拍摄时间与会议议程相一致,请补充提供，如不符合要求将不予报销,MN080016
MN,8,专家咨询会,0,通用,17,会议照片_人数标准不符,根据SOP规定，专家咨询会会议照片需显示50%及以上参会人员（内+外）,请补充提供，如不符合要求将不予报销,MN080017
MN,8,专家咨询会,0,通用,18,会议人数_内部人数不符,根据SOP规定，专家咨询会内部参会者不可少于2人（包含会议组织者）,请确认实际内部参会人数,MN080018
MN,8,专家咨询会,0,通用,19,会议人数_外部参会人,根据SOP规定，专家咨询会外部外部参会者人数不超过2人，仅限限全国级和区域级HCP,请确认实际外部参会人数,MN080019
MN,8,专家咨询会,0,通用,20,报销范围_时效,根据SOP规定，原则上公司仅承担学术活动会议议程前后24小时内所产生的相关费用，例外事项需提供部门负责人及合规审计总监的共同批准,如需报销请提供特批,MN080020
MN,8,专家咨询会,0,通用,21,报销范围_费用,根据SOP规定，专家咨询会可报销费用有咨询费、餐饮、住宿、场租、交通,额外费用不予报销已为您扣除,MN080021
